ward_code,ward_name,lga_code,total_population,population_under5,population_source,pct_pop_any_facility,pct_pop_scored_facility,pct_pop_adequate_facility,pop_any_facility,pop_scored_facility,pop_adequate_facility
W0021,Ekeluno,LGA071,6698,1014,Projected 2026 from 2006 census,0.603390255485191,0.6033902554851909,0.337876916505251,4042,4042,2263
W0029,Katzano,LGA071,12718,2321,Gridded population estimate 2024,0.39573915584457897,0.38873302809948956,0.3531799563613058,5033,4944,4492
W0030,Olumadu,LGA071,16521,2961,Projected 2026 from 2006 census,0.44529487755661035,0.32923729583013267,0.3291081938397008,7357,5439,5437
W0041,Dutkoko,LGA071,41424,6836,Projected 2026 from 2006 census,0.5630906300121711,0.5630906300121711,0.20387417409284755,23325,23325,8445
W0005,Oludeli,LGA061,6328,1113,Projected 2026 from 2006 census,0.39477173180416125,0.39477173180416125,0.2321642564251516,2498,2498,1469
W0006,Maltsisa,LGA061,57154,9109,Gridded population estimate 2024,0.5642478886342636,0.36572774268419656,0.3005685953545674,32249,20903,17179
W0007,Enunasa,LGA061,27475,4581,Projected 2026 from 2006 census,0.5938874664643975,0.44633316038126075,0.33683497937461243,16317,12263,9255
W0008,Shaluri,LGA104,7290,1106,Projected 2026 from 2006 census,0.0840371996353555,0.0840371996353555,0.002802736477210953,613,613,20
W0025,Dutrimi,LGA104,21898,3311,Projected 2026 from 2006 census,0.18235144813499962,0.18235144813499962,0.0,3993,3993,0
W0031,Loklude,LGA104,11375,1996,Projected 2026 from 2006 census,0.4572061460596182,0.4572061460596182,0.24307974431911197,5201,5201,2765
W0039,Funngoli,LGA104,24916,4111,Projected 2026 from 2006 census,0.4036045100846573,0.4036045100846573,0.4036045100846573,10056,10056,10056
W0040,Yelluna,LGA104,30616,5479,Projected 2026 from 2006 census,0.20439702656937153,0.20439702656937153,0.16890892993175866,6258,6258,5171
W0046,Banshali,LGA104,18654,3357,Gridded population estimate 2024,0.33520445162272255,0.33520445162272255,0.15186776934978957,6253,6253,2833
W0033,Baukeshi,LGA086,8576,1335,Projected 2026 from 2006 census,0.5746365231083687,0.5746365231083687,0.5498648361040757,4928,4928,4716
W0036,Baulako,LGA086,70555,12960,Projected 2026 from 2006 census,0.48166298446408523,0.48166298446408523,0.362577098889477,33984,33984,25582
W0050,Dutmidu,LGA086,17715,2644,Gridded population estimate 2024,0.4692578645995017,0.4692578645995017,0.3473691409901438,8313,8313,6154
W0053,Uzobele,LGA086,10511,1676,Gridded population estimate 2024,0.42804063583755647,0.33717047586827076,0.25287118764959,4499,3544,2658
W0062,Ibarija,LGA086,32661,5130,Projected 2026 from 2006 census,0.4463430011563007,0.42085783948080085,0.15286953416169072,14578,13746,4993
W0012,Hanmade,LGA051,26381,4620,Gridded population estimate 2024,0.23967837442850093,0.02285413984978512,0.02285413984978512,6323,603,603
W0015,Tamyowa,LGA051,23194,4157,Projected 2026 from 2006 census,0.787343247247863,0.7496176149947716,0.620440591938293,18262,17387,14390
W0016,Oluwasa,LGA051,41061,6504,Gridded population estimate 2024,0.7585430071956984,0.6973521449623803,0.34820146117689754,31147,28634,14298
W0018,Wurjimi,LGA051,19041,3508,Projected 2026 from 2006 census,0.4337702432730692,0.4337702432730692,0.17560649915618662,8259,8259,3344
W0022,Gwobedu,LGA051,27132,4123,Gridded population estimate 2024,0.3364430561104248,0.08414684597319497,0.05418403610432052,9128,2283,1470
W0028,Kuknuno,LGA051,19120,3286,Gridded population estimate 2024,0.7182278278353741,0.7182278278353741,0.519752829550007,13733,13733,9938
W0032,Nasnuri,LGA051,39662,6367,Gridded population estimate 2024,0.3486224903542619,0.3486224903542619,0.26684521017705587,13827,13827,10584
W0002,Wurshaba,LGA087,78192,14179,Projected 2026 from 2006 census,0.21761894311121988,0.21761894311121988,0.1415864744795556,17016,17016,11071
W0019,Aderita,LGA087,73368,12037,Projected 2026 from 2006 census,0.37548296688466115,0.3147217377468126,0.27720888356063883,27548,23091,20338
W0020,Joswaja,LGA087,10614,1831,Gridded population estimate 2024,0.30608968226331407,0.30608968226331407,0.06375815683830495,3249,3249,677
W0023,Sokdema,LGA087,17448,3131,Projected 2026 from 2006 census,0.5604018150562671,0.5604018150562671,0.5254244583938178,9778,9778,9168
W0024,Kadrani,LGA087,17342,3202,Gridded population estimate 2024,0.12648884262949076,0.12648884262949076,0.11363207158008627,2194,2194,1971
W0042,Supnami,LGA047,23375,4252,Projected 2026 from 2006 census,0.5369410032083685,0.363722159684469,0.28608791891144264,12551,8502,6687
W0054,Lokngoli,LGA047,9219,1440,Projected 2026 from 2006 census,0.2709988368081765,0.2709988368081765,0.0,2498,2498,0
W0064,Hantside,LGA047,10724,1649,Projected 2026 from 2006 census,0.2595163672079672,0.2595163672079672,0.2071869381383463,2783,2783,2222
W0067,Zambeba,LGA047,20011,2987,Gridded population estimate 2024,0.0514235996296159,0.0514235996296159,0.0514235996296159,1029,1029,1029
W0071,Fundeyi,LGA047,21672,3914,Projected 2026 from 2006 census,0.684171544176715,0.5776275371460218,0.38145052784342,14827,12518,8267
W0001,Ibasashi,LGA034,15636,2291,Projected 2026 from 2006 census,0.5939175170464005,0.5939175170464005,0.3227307387616641,9286,9286,5046
W0003,Josyole,LGA034,21092,3247,Gridded population estimate 2024,0.22404622975049826,0.21809662357122983,0.0860637472657233,4726,4600,1815
W0004,Lokdushi,LGA034,4841,863,Projected 2026 from 2006 census,0.26503866414570637,0.26503866414570637,0.09813507868667,1283,1283,475
W0010,Sokjitu,LGA034,15308,2374,Projected 2026 from 2006 census,0.6964439041573118,0.6964439041573118,0.3957970995880448,10661,10661,6059
W0011,Lokngodu,LGA034,36966,6524,Gridded population estimate 2024,0.3319043143646478,0.3319043143646478,0.0867052801656155,12269,12269,3205
W0014,Maljiba,LGA034,29801,4884,Projected 2026 from 2006 census,0.0973139604062602,0.0973139604062602,0.0973139604062602,2900,2900,2900
W0151,Ekerini,LGA109,30526,4939,Projected 2026 from 2006 census,0.4231873761109162,0.2037652100508925,0.0,12918,6220,0
W0169,Adelawa,LGA109,13033,1973,Projected 2026 from 2006 census,0.4236062357235129,0.4236062357235129,0.0,5521,5521,0
W0177,Hanlana,LGA109,45484,7265,Gridded population estimate 2024,0.8873940993491332,0.6621960957530661,0.04136026562749807,40362,30119,1881
W0180,Irorawa,LGA109,39550,6156,Projected 2026 from 2006 census,0.14083737246503572,0.14083737246503572,0.05847935024718199,5570,5570,2313
W0181,Baumashi,LGA109,27793,5029,Projected 2026 from 2006 census,0.2467850192423573,0.14196279537683257,0.0,6859,3946,0
W0193,Gwosani,LGA109,21803,3614,Projected 2026 from 2006 census,0.558317287673887,0.558317287673887,0.13055412054962026,12173,12173,2846
W0196,Naslama,LGA109,12607,2091,Projected 2026 from 2006 census,0.6742384747105515,0.6742384747105515,0.36513001209026824,8500,8500,4603
W0198,Banluma,LGA109,24412,3832,Projected 2026 from 2006 census,0.771196532015253,0.771196532015253,0.23460033879434466,18826,18826,5727
W0069,Katzale,LGA063,18519,3389,Projected 2026 from 2006 census,0.3838938205657074,0.3838938205657074,0.24704270441058354,7109,7109,4575
W0112,Ekebako,LGA063,29711,4602,Projected 2026 from 2006 census,0.3850626523126965,0.3850626523126965,0.0,11441,11441,0
W0113,Supzaja,LGA063,64114,10094,Projected 2026 from 2006 census,0.46890038877444035,0.46890038877444035,0.30696835357587965,30063,30063,19681
W0126,Banmashi,LGA063,14494,2109,Projected 2026 from 2006 census,0.6253351077651842,0.6253351077651842,0.0,9064,9064,0
W0117,Eketsino,LGA010,13476,2477,Projected 2026 from 2006 census,0.18008223785404653,0.18008223785404653,0.01941434465074547,2427,2427,262
W0143,Okenami,LGA010,33167,4947,Gridded population estimate 2024,0.20709361596921344,0.20709361596921344,0.0230728243886983,6869,6869,765
W0150,Wurshama,LGA010,32530,4857,Projected 2026 from 2006 census,0.2307956845580432,0.23029631319428476,0.0,7508,7492,0
W0066,Zamyoru,LGA005,38033,6227,Gridded population estimate 2024,0.47934397898658837,0.4013685295135872,0.2201953856852743,18231,15265,8375
W0078,Kadjisa,LGA005,4483,819,Projected 2026 from 2006 census,0.4769962680964281,0.4241090527031047,0.0,2138,1901,0
W0084,Wurdesa,LGA005,47436,8228,Projected 2026 from 2006 census,0.8134471566148169,0.8134471566148169,0.4241524211695615,38587,38587,20120
W0088,Kadjina,LGA005,37994,5844,Gridded population estimate 2024,0.4368262012943579,0.4368262012943579,0.25589184061696496,16597,16597,9722
W0094,Jostsili,LGA092,18434,2686,Gridded population estimate 2024,0.3219572167840942,0.19490837664733604,0.0,5935,3593,0
W0122,Yobtiyi,LGA092,14794,2319,Projected 2026 from 2006 census,0.1356190904343722,0.1356190904343722,0.018277823110086935,2006,2006,270
W0127,Gwotidu,LGA092,6917,1250,Gridded population estimate 2024,0.1562254877421561,0.1562254877421561,0.03867931177470139,1081,1081,268
W0131,Agbtifa,LGA092,12792,2262,Gridded population estimate 2024,0.3086493599902363,0.3086493599902363,0.0,3948,3948,0
W0137,Funtsiwa,LGA092,12133,2240,Projected 2026 from 2006 census,0.36306551759497063,0.36306551759497063,0.30479623397415656,4405,4405,3698
W0083,Adetidu,LGA041,46928,8295,Projected 2026 from 2006 census,0.40013639807677165,0.24835391077315358,0.0,18778,11655,0
W0096,Malsana,LGA041,44341,6921,Gridded population estimate 2024,0.4377982960166834,0.4377982960166834,0.14307437298210443,19412,19412,6344
W0110,Ekeluwa,LGA041,48374,8707,Projected 2026 from 2006 census,0.3200402803192646,0.3200402803192646,0.2328980863976078,15482,15482,11266
W0111,Lokngowa,LGA041,41058,6408,Projected 2026 from 2006 census,0.5790606129311454,0.5790606129311454,0.03533528500995746,23775,23775,1451
W0138,Banrija,LGA107,26062,4715,Gridded population estimate 2024,0.7142115212585938,0.7142115212585938,0.26522903030728767,18614,18614,6912
W0139,Katshale,LGA107,36171,5457,Projected 2026 from 2006 census,0.4119744118116127,0.4119744118116127,0.14223447477678536,14902,14902,5145
W0154,Hanluta,LGA107,26302,3842,Projected 2026 from 2006 census,0.7862734555593802,0.7230992729109179,0.3370339297850982,20681,19019,8865
W0161,Birwari,LGA107,11243,1678,Projected 2026 from 2006 census,0.9468546902997941,0.9468546902997941,0.5399750096725109,10645,10645,6071
W0171,Olubewo,LGA107,14745,2499,Gridded population estimate 2024,0.4607243357146215,0.4607243357146215,0.14513058382772043,6793,6793,2140
W0176,Katwama,LGA107,10539,1828,Gridded population estimate 2024,0.6689240045978231,0.6689240045978231,0.2615228099258986,7050,7050,2756
W0052,Aderimi,LGA121,38344,6850,Projected 2026 from 2006 census,0.5654947386236998,0.5654947386236998,0.30770342605115814,21683,21683,11799
W0061,Agbsatu,LGA121,10883,1861,Gridded population estimate 2024,0.10641221235324033,0.10641221235324033,0.10641221235324033,1158,1158,1158
W0072,Riysano,LGA121,46190,8511,Projected 2026 from 2006 census,0.2228562956352011,0.2228562956352011,0.2228562956352011,10294,10294,10294
W0098,Lokderi,LGA120,32820,5693,Projected 2026 from 2006 census,0.23722469321111356,0.23722469321111359,0.20042434182409974,7786,7786,6578
W0115,Yobzasa,LGA120,27991,4785,Projected 2026 from 2006 census,0.3904518140464027,0.3904518140464027,0.05943131924004519,10929,10929,1664
W0124,Riynushi,LGA120,30619,4688,Gridded population estimate 2024,0.2646433006676691,0.2646433006676691,0.18327149927112835,8103,8103,5612
W0013,Baujina,LGA027,43228,6799,Projected 2026 from 2006 census,0.347788731632312,0.347788731632312,0.19806070592295127,15034,15034,8562
W0035,Baujimi,LGA027,50218,8617,Gridded population estimate 2024,0.40361587172748653,0.4036158717274865,0.2326081174070756,20269,20269,11681
W0044,Supmano,LGA027,36589,6205,Projected 2026 from 2006 census,0.2591308266777966,0.1983441448173983,0.1983441448173983,9481,7257,7257
W0045,Dainali,LGA027,24443,4143,Projected 2026 from 2006 census,0.29405078118826955,0.23114489715687536,0.23114489715687536,7187,5650,5650
W0048,Kadbemi,LGA027,32555,4893,Projected 2026 from 2006 census,0.10038165697377842,0.004292437555246624,0.003359632177444737,3268,140,109
W0056,Okedeni,LGA102,59574,8982,Gridded population estimate 2024,0.9002747613972555,0.9002747613972555,0.7370245553874497,53633,53633,43908
W0057,Bantsiri,LGA102,24269,3710,Projected 2026 from 2006 census,0.12515168979529226,0.12515168979529226,0.12515168979529226,3037,3037,3037
W0058,Tivsawo,LGA102,22734,3595,Projected 2026 from 2006 census,0.1664691032655854,0.1664691032655854,0.08173192893449224,3785,3785,1858
W0070,Zamkono,LGA102,18303,2901,Projected 2026 from 2006 census,0.5359554686852964,0.5359554686852964,0.5196646899753762,9810,9810,9511
W0085,Banrana,LGA102,9338,1516,Projected 2026 from 2006 census,0.3632263547763314,0.3632263547763314,0.34227767496349293,3392,3392,3196
W0097,Kukjimi,LGA102,19599,3474,Projected 2026 from 2006 census,0.4359469933483285,0.4359469933483285,0.17763414897197558,8544,8544,3481
W0080,Ibanana,LGA004,13629,2377,Projected 2026 from 2006 census,0.4732818611998686,0.43751117988530186,0.43751117988530186,6450,5963,5963
W0087,Ibabewo,LGA004,18269,3321,Projected 2026 from 2006 census,0.4385959055148123,0.4385959055148123,0.3320181802760406,8013,8013,6066
W0095,Tamdumi,LGA004,21185,3572,Projected 2026 from 2006 census,0.08086331767817093,0.08086331767817093,0.08086331767817093,1713,1713,1713
W0107,Ibabeno,LGA004,61801,10010,Projected 2026 from 2006 census,0.43151698458958826,0.43151698458958826,0.0,26668,26668,0
W0116,Tamdule,LGA004,16627,2874,Projected 2026 from 2006 census,0.4061335090537774,0.4061335090537774,0.2718586775479657,6753,6753,4520
W0123,Kuktsino,LGA004,13386,2276,Projected 2026 from 2006 census,0.7167778576220993,0.7167778576220993,0.44789332104194773,9595,9595,5995
W0130,Okenawa,LGA004,13430,2201,Projected 2026 from 2006 census,0.4071054139653521,0.4071054139653521,0.1580501337733536,5467,5467,2123
W0017,Kadyodu,LGA015,29162,4895,Projected 2026 from 2006 census,0.5717500754231941,0.5717500754231941,0.14776345078230982,16673,16673,4309
W0026,Adenutu,LGA015,28518,4669,Projected 2026 from 2006 census,0.34500486149519033,0.34500486149519033,0.06215609071919618,9839,9839,1773
W0027,Irobade,LGA015,15603,2363,Projected 2026 from 2006 census,0.41660684097643635,0.41660684097643635,0.4123263705301331,6500,6500,6434
W0034,Dutkoshi,LGA015,21796,3203,Projected 2026 from 2006 census,0.0718753909271814,0.0718753909271814,0.0035064924331181468,1567,1567,76
W0049,Nastili,LGA035,23744,3918,Projected 2026 from 2006 census,0.6789886057245332,0.6789886057245332,0.43217755184196494,16122,16122,10262
W0051,Okederi,LGA035,67931,10620,Projected 2026 from 2006 census,0.3961547953368854,0.3961547953368854,0.18120001312511952,26911,26911,12309
W0065,Wurlawo,LGA035,32751,5053,Projected 2026 from 2006 census,0.7768670041604213,0.7768670041604213,0.6741641440126105,25443,25443,22080
W0068,Hanzami,LGA035,39282,6477,Projected 2026 from 2006 census,0.642087504571229,0.5413710014659494,0.3723188554665969,25222,21266,14625
W0077,Hanbena,LGA035,31884,5339,Projected 2026 from 2006 census,0.04251810300721491,0.04251810300721491,0.0008798917690743371,1356,1356,28
W0081,Umutiri,LGA035,18226,3180,Gridded population estimate 2024,0.4873745801083711,0.48604862305452096,0.37958845732633956,8883,8859,6918
W0128,Irodefa,LGA112,196742,32527,Projected 2026 from 2006 census,0.8276638949145863,0.8276638949145863,0.327813429877876,162836,162836,64495
W0134,Zammiwa,LGA112,133322,22069,Projected 2026 from 2006 census,0.5874516604932626,0.40610211990210976,0.2137232685502937,78320,54142,28494
W0152,Iroketu,LGA112,47082,7470,Projected 2026 from 2006 census,0.3889338368407337,0.38087673438948594,0.0,18312,17932,0
W0157,Zamngono,LGA112,53970,9176,Projected 2026 from 2006 census,0.45853398372101956,0.45853398372101956,0.3991478021628099,24747,24747,21542
W0185,Ekezali,LGA112,60262,9549,Gridded population estimate 2024,0.5187937382728021,0.5187937382728021,0.25988419741824353,31264,31264,15661
W0239,Daizaru,LGA008,45948,7423,Gridded population estimate 2024,0.5301869837451331,0.5295121021841386,0.058001526396245305,24361,24330,2665
W0257,Kadbetu,LGA008,43337,6303,Projected 2026 from 2006 census,0.6783615800677685,0.5906257476801839,0.36593494577967084,29398,25596,15859
W0258,Agbratu,LGA008,54474,8358,Projected 2026 from 2006 census,0.617872493667364,0.6140136082306162,0.15441765895259138,33658,33448,8412
W0261,Uzowana,LGA008,133916,23796,Gridded population estimate 2024,0.3048570765697278,0.2691337874606853,0.10019893109637133,40825,36041,13418
W0275,Tivlawa,LGA008,15316,2809,Projected 2026 from 2006 census,0.310252688562226,0.310252688562226,0.054074834000879965,4752,4752,828
W0280,Gwoyota,LGA008,48785,8597,Projected 2026 from 2006 census,0.6225929128462653,0.5441876619083352,0.23303440246130117,30373,26548,11369
W0282,Enunayi,LGA008,98702,17568,Gridded population estimate 2024,0.29210488278769764,0.27660574162578827,0.11066255406385968,28831,27302,10923
W0295,Dainani,LGA008,44974,6717,Projected 2026 from 2006 census,0.4898817268350429,0.2997386649264763,0.06683986806610426,22032,13480,3006
W0189,Katlano,LGA070,209177,30640,Gridded population estimate 2024,0.7722500361491373,0.7722500361491373,0.5025586084858519,161537,161537,105124
W0208,Kukyoba,LGA070,71525,12802,Projected 2026 from 2006 census,0.26751727758959076,0.26751727758959076,0.17267011401222918,19134,19134,12350
W0212,Wurngowo,LGA070,115247,16782,Projected 2026 from 2006 census,0.44598252532031823,0.44598252532031823,0.2697631323578881,51398,51398,31089
W0216,Jossafa,LGA070,95712,17461,Gridded population estimate 2024,0.5431967670220385,0.5431967670220385,0.46385129653492874,51990,51990,44396
W0240,Daiyole,LGA070,88866,15662,Gridded population estimate 2024,0.3094110759921266,0.27118886675485543,0.26134861066858367,27496,24099,23225
W0184,Riysafa,LGA091,145691,26731,Gridded population estimate 2024,0.5385285584640079,0.32894807949366556,0.0,78459,47925,0
W0247,Daisale,LGA091,54735,9229,Projected 2026 from 2006 census,0.6672128757544677,0.5983739284601026,0.05049373432077661,36520,32752,2764
W0249,Suplali,LGA091,63555,11655,Gridded population estimate 2024,0.4169897451481415,0.38636413909863265,0.16762258822214898,26502,24555,10653
W0259,Adejisa,LGA091,122654,20400,Gridded population estimate 2024,0.6517608944649105,0.6517608944649105,0.5796231232451583,79941,79941,71093
W0164,Loknuri,LGA044,109076,19063,Gridded population estimate 2024,0.3655721141320939,0.3655721141320939,0.23768397371974362,39875,39875,25926
W0170,Dutkota,LGA044,45234,6919,Gridded population estimate 2024,0.6229179099510214,0.6229179099510214,0.22058107310594952,28177,28177,9978
W0187,Kuktsini,LGA044,159257,27738,Gridded population estimate 2024,0.13861771744003543,0.13861771744003543,0.11281719394083685,22076,22076,17967
W0197,Tivjija,LGA044,70065,10763,Projected 2026 from 2006 census,0.5084276098616368,0.5084276098616368,0.271823901001511,35623,35623,19045
W0191,Riyriru,LGA056,43656,6349,Projected 2026 from 2006 census,0.49736032055504664,0.49736032055504664,0.07468783814700436,21713,21713,3261
W0214,Gwonade,LGA056,322123,55173,Projected 2026 from 2006 census,0.6342288664379351,0.5690567203855522,0.18494597222957232,204300,183306,59575
W0225,Sokshayi,LGA056,280263,41460,Gridded population estimate 2024,0.41743742582243604,0.41743742582243604,0.0,116992,116992,0
W0246,Tivbedu,LGA056,14461,2586,Projected 2026 from 2006 census,0.20984791255314666,0.20984791255314666,0.011311494894489989,3035,3035,164
W0243,Joskoko,LGA039,29574,4486,Gridded population estimate 2024,0.523391285825319,0.523391285825319,0.06758880844838143,15479,15479,1999
W0265,Josbesa,LGA039,79003,13541,Projected 2026 from 2006 census,0.5411347047006803,0.5411347047006803,0.00012246152180233813,42751,42751,10
W0266,Okeshali,LGA039,39626,6456,Gridded population estimate 2024,0.6115757458259297,0.6115757458259297,0.32640163914075043,24234,24234,12934
W0281,Tamngoba,LGA039,37386,6750,Gridded population estimate 2024,0.6480968602044339,0.6480968602044339,0.35769809577040007,24230,24230,13373
W0283,Ekelusa,LGA039,31819,5804,Projected 2026 from 2006 census,0.435778916025634,0.4357789160256339,0.08674189225631102,13866,13866,2760
W0293,Olukoyi,LGA039,55159,10162,Projected 2026 from 2006 census,0.38243768299690045,0.38243768299690045,0.1772786635633281,21095,21095,9779
W0303,Daidushi,LGA039,50472,8119,Projected 2026 from 2006 census,0.6469051631943658,0.6469051631943658,0.4199134480885861,32651,32651,21194
W0310,Umubeli,LGA039,145272,24374,Projected 2026 from 2006 census,0.8262303563356839,0.8262303563356839,0.24550958002667264,120028,120028,35666
W0090,Bannayi,LGA118,19538,3614,Gridded population estimate 2024,0.7686531557596191,0.7686531557596191,0.4514468979175052,15018,15018,8820
W0099,Dutmili,LGA118,27064,4746,Gridded population estimate 2024,0.8348808875189034,0.8348808875189034,0.6650663375707414,22595,22595,17999
W0100,Umuwata,LGA118,9017,1520,Gridded population estimate 2024,0.47457537966518615,0.47457537966518615,0.382498194095828,4279,4279,3449
W0105,Uzoriyi,LGA118,23926,4111,Projected 2026 from 2006 census,0.3697430233339415,0.3627081192638995,0.15056294899039807,8846,8678,3602
W0108,Shabeli,LGA118,24409,3931,Projected 2026 from 2006 census,0.20847670441402283,0.20847670441402283,0.14978201092861837,5089,5089,3656
W0037,Ngeride,LGA055,20863,3348,Projected 2026 from 2006 census,0.31431662587374404,0.31110395380130657,0.12216751850611289,6558,6491,2549
W0073,Funzako,LGA055,7985,1360,Projected 2026 from 2006 census,0.5962158057549003,0.40934469900748144,0.40934469900748144,4761,3269,3269
W0074,Mallufa,LGA055,20101,3609,Projected 2026 from 2006 census,0.3541790381683916,0.32908666397145236,0.32908666397145236,7119,6615,6615
W0082,Yobkosa,LGA055,8548,1534,Gridded population estimate 2024,0.20715001390943402,0.12252600264870239,0.12252600264870239,1771,1047,1047
W0086,Maltsini,LGA055,6440,1032,Projected 2026 from 2006 census,0.15318288436598693,0.07875609033655794,0.0,986,507,0
W0101,Dairimi,LGA055,23866,3936,Projected 2026 from 2006 census,0.11227784967156157,0.05520794662587177,0.0,2680,1318,0
W0043,Tivlana,LGA064,49189,8230,Projected 2026 from 2006 census,0.36433006429078535,0.3359698831747371,0.29286254637178644,17921,16526,14406
W0063,Josmasa,LGA064,12840,2206,Gridded population estimate 2024,0.2648675963344421,0.10197428607983124,0.011350521828602819,3401,1309,146
W0075,Okewako,LGA064,14993,2299,Projected 2026 from 2006 census,0.6235682493101309,0.6105088486540438,0.0,9349,9153,0
W0076,Sharama,LGA064,16099,2706,Projected 2026 from 2006 census,0.38109134852839693,0.30974234633381365,0.0,6135,4987,0
W0079,Uzotishi,LGA064,82183,14985,Gridded population estimate 2024,0.7484174487390235,0.6874582209127891,0.3137506546264239,61507,56497,25785
W0092,Gwomali,LGA031,50260,7901,Gridded population estimate 2024,0.24566669444316125,0.24528409171856835,0.0,12347,12328,0
W0093,Sharashi,LGA031,28647,4314,Projected 2026 from 2006 census,0.3652467636022545,0.3652467636022545,0.15168446655101922,10463,10463,4345
W0102,Soktiri,LGA031,35762,5287,Gridded population estimate 2024,0.30865995828561504,0.20775916501097139,0.1064166674581376,11038,7430,3806
W0114,Baulutu,LGA031,78092,11587,Gridded population estimate 2024,0.464519059351699,0.44942290520094114,0.24233949387282583,36275,35096,18925
W0103,Kadjino,LGA037,18151,3167,Gridded population estimate 2024,0.5691069631129317,0.5078676390823907,0.4014536281206341,10330,9218,7287
W0135,Birnushi,LGA037,25287,3918,Projected 2026 from 2006 census,0.547428800716701,0.547428800716701,0.4121326747642728,13843,13843,10422
W0136,Oluketa,LGA037,23296,4163,Projected 2026 from 2006 census,0.42121083824571937,0.42121083824571937,0.2029385639296113,9813,9813,4728
W0155,Fundudu,LGA037,13983,2234,Projected 2026 from 2006 census,0.2124521916521201,0.2124521916521201,0.21038725698205155,2971,2971,2942
W0156,Kuktidu,LGA037,14559,2144,Gridded population estimate 2024,0.3546609511686363,0.3546609511686363,0.10626350670045133,5164,5164,1547
W0089,Naslayi,LGA062,12625,1858,Gridded population estimate 2024,0.3823644571877928,0.24129957741546357,0.14344535605176484,4827,3046,1811
W0104,Irotsifa,LGA062,12906,2081,Projected 2026 from 2006 census,0.2890534149193163,0.2890534149193163,0.09498692397595655,3731,3731,1226
W0109,Ekemari,LGA062,15014,2544,Projected 2026 from 2006 census,0.1339407705282548,0.1339407705282548,0.08119047053873467,2011,2011,1219
W0121,Maldefa,LGA062,39423,7093,Projected 2026 from 2006 census,0.3044075039218075,0.3044075039218075,0.3033319972641566,12001,12001,11958
W0009,Gwobele,LGA090,22295,4039,Gridded population estimate 2024,0.0,0.0,0.0,0,0,0
W0038,Zammasa,LGA090,11000,1920,Projected 2026 from 2006 census,0.5089521564146791,0.2531920678473221,0.12060199132198858,5598,2785,1327
W0047,Kuktsija,LGA090,25296,4603,Projected 2026 from 2006 census,0.2064259400431121,0.2064259400431121,0.11825349547907117,5222,5222,2991
W0055,Tivjidu,LGA090,19187,2852,Gridded population estimate 2024,0.3088942329940507,0.3088942329940507,0.0,5927,5927,0
W0059,Malrama,LGA090,30305,5341,Gridded population estimate 2024,0.2957178007088834,0.20856712174581984,0.026856304483805073,8962,6321,814
W0060,Tammari,LGA090,14036,2490,Projected 2026 from 2006 census,0.14053584838084407,0.09254140593025291,0.09254140593025291,1973,1299,1299
W0141,Zamlani,LGA052,57075,8559,Gridded population estimate 2024,0.6080673125587073,0.6080673125587073,0.1035923300150134,34705,34705,5913
W0142,Ngengoyi,LGA052,33913,5390,Gridded population estimate 2024,0.20074645889247128,0.20074645889247128,0.16327585321613128,6808,6808,5537
W0147,Adenuru,LGA052,12873,2145,Projected 2026 from 2006 census,0.6157315003471373,0.6157315003471373,0.26060477971169144,7926,7926,3355
W0158,Tivzaba,LGA052,27855,4068,Projected 2026 from 2006 census,0.0933084419443419,0.0933084419443419,0.06255293590419257,2599,2599,1742
W0223,Lokngoko,LGA081,17616,2961,Gridded population estimate 2024,0.4180661461710248,0.4180661461710248,0.2218586701924037,7365,7365,3908
W0224,Uzoluwo,LGA081,19272,2941,Projected 2026 from 2006 census,0.011094218347813127,0.011094218347813127,0.011094218347813127,214,214,214
W0236,Nasyowa,LGA081,15838,2924,Projected 2026 from 2006 census,0.17312053119068216,0.17312053119068216,0.1655992497425274,2742,2742,2623
W0256,Kadmaja,LGA081,27456,4236,Projected 2026 from 2006 census,0.5124436947659866,0.5069609445823046,0.360461227897179,14070,13919,9897
W0264,Wurnude,LGA081,52061,8286,Gridded population estimate 2024,0.16029778573260317,0.13006801787445046,0.13006801787445046,8345,6771,6771
W0267,Okekede,LGA081,18762,3202,Projected 2026 from 2006 census,0.6934893982875862,0.6934893982875862,0.1959242245598656,13011,13011,3676
W0271,Oludude,LGA081,9005,1362,Projected 2026 from 2006 census,0.6923513292182866,0.6634262341318636,0.3162392175641776,6235,5974,2848
W0119,Joszayi,LGA019,72302,11359,Projected 2026 from 2006 census,0.45326628549015835,0.45326628549015835,0.36208773529932825,32772,32772,26180
W0125,Daishani,LGA019,9610,1633,Gridded population estimate 2024,0.07450348922149383,0.07450348922149383,0.0,716,716,0
W0129,Ibashadu,LGA019,7693,1266,Projected 2026 from 2006 census,0.26824417456602917,0.26824417456602917,0.0,2064,2064,0
W0167,Ekewafa,LGA009,44270,6729,Projected 2026 from 2006 census,0.25803676770145934,0.25803676770145934,0.25803676770145934,11423,11423,11423
W0178,Daijiwa,LGA009,10786,1957,Projected 2026 from 2006 census,0.40827907759488113,0.40827907759488113,0.35326530097177483,4404,4404,3810
W0194,Enurita,LGA009,14421,2192,Gridded population estimate 2024,0.6772335506216061,0.6772335506216061,0.44453626606673313,9766,9766,6411
W0201,Ekekowo,LGA009,15984,2377,Gridded population estimate 2024,0.42335120990018765,0.42335120990018765,0.42335120990018765,6767,6767,6767
W0207,Malkori,LGA009,33013,5535,Gridded population estimate 2024,0.20907345435273064,0.20907345435273064,0.20907345435273064,6902,6902,6902
W0149,Katbeba,LGA025,22749,4201,Gridded population estimate 2024,0.18530798050310557,0.18530798050310557,0.17916378597895338,4216,4216,4076
W0165,Funbaja,LGA025,21338,3535,Projected 2026 from 2006 census,0.39960876947824775,0.39960876947824775,0.012732289620736876,8527,8527,272
W0175,Zamnawo,LGA025,21571,3190,Gridded population estimate 2024,0.17232121031305528,0.17232121031305528,0.0,3717,3717,0
W0188,Wurnuri,LGA025,14815,2666,Gridded population estimate 2024,0.20838323318517687,0.20838323318517687,0.20838323318517699,3087,3087,3087
W0205,Okelaja,LGA025,7963,1195,Gridded population estimate 2024,0.42608960825678766,0.42608960825678766,0.3509551545057015,3393,3393,2795
W0140,Uzosafa,LGA017,25519,4665,Projected 2026 from 2006 census,0.6431831711220495,0.6431831711220495,0.27686876831678114,16413,16413,7065
W0163,Bankoyi,LGA017,9901,1780,Gridded population estimate 2024,0.29197118671573147,0.29197118671573147,0.004244767957309256,2891,2891,42
W0166,Agbkota,LGA017,16828,2640,Projected 2026 from 2006 census,0.4490939817322367,0.4490939817322367,0.10451383904800511,7557,7557,1759
W0221,Kuktiwa,LGA101,10875,1908,Gridded population estimate 2024,0.2116253293014566,0.2116253293014566,0.05299464541701605,2301,2301,576
W0245,Banlumi,LGA101,17915,3063,Gridded population estimate 2024,0.33132611059904393,0.33132611059904393,0.23748366212324218,5936,5936,4255
W0248,Nasnayi,LGA101,40002,6338,Gridded population estimate 2024,0.4928578756243541,0.49285787562435407,0.162584418156812,19715,19715,6504
W0253,Olulusa,LGA101,8113,1231,Projected 2026 from 2006 census,0.3852005109203347,0.25476203899349453,0.08957457328600463,3125,2067,727
W0273,Hanlushi,LGA101,7093,1168,Projected 2026 from 2006 census,0.032499745262432926,0.032499745262432926,0.0,231,231,0
W0279,Kuklasa,LGA101,57352,9814,Gridded population estimate 2024,0.19227122705569882,0.19227122705569882,0.0,11027,11027,0
W0179,Yelrari,LGA079,8241,1480,Gridded population estimate 2024,0.2758908580363317,0.2530998074828436,0.25137762830295224,2274,2086,2072
W0202,Sokmimi,LGA079,27319,4807,Gridded population estimate 2024,0.30743615742856134,0.30743615742856134,0.1418769123884384,8399,8399,3876
W0209,Ibatsiba,LGA079,17038,2981,Gridded population estimate 2024,0.07087087386745843,0.07087087386745843,0.0,1207,1207,0
W0213,Enuyona,LGA079,48741,7086,Projected 2026 from 2006 census,0.5568726293157086,0.471739241287006,0.193055777919718,27143,22993,9410
W0222,Yobbeko,LGA079,22786,3829,Gridded population estimate 2024,0.5180301057544598,0.5180301057544598,0.38858481978373666,11804,11804,8854
W0296,Umukeshi,LGA100,35733,5585,Projected 2026 from 2006 census,0.0,0.0,0.0,0,0,0
W0315,Ibazawa,LGA100,25866,4297,Projected 2026 from 2006 census,0.48344487474418857,0.2505024124870144,0.1600975243559179,12505,6479,4141
W0318,Olumaru,LGA100,27417,5009,Gridded population estimate 2024,0.16842734611830187,0.10323474865802433,0.0,4618,2830,0
W0323,Uzojili,LGA100,24087,4102,Gridded population estimate 2024,0.3041786515823573,0.30417865158235735,0.0,7327,7327,0
W0324,Shabafa,LGA100,12347,2159,Gridded population estimate 2024,0.3195346548975203,0.23583636687854648,0.23583636687854648,3945,2912,2912
W0325,Funbayi,LGA100,25799,3863,Projected 2026 from 2006 census,0.41185777657032835,0.37721101872996354,0.37200776799480045,10626,9732,9597
W0334,Riyzama,LGA100,28179,5032,Gridded population estimate 2024,0.5948132424734807,0.5948132424734807,0.22385432924541174,16761,16761,6308
W0341,Umunuta,LGA100,9135,1485,Gridded population estimate 2024,0.33969444824037853,0.271358299280312,0.18511085963928695,3103,2479,1691
W0359,Bansawa,LGA100,27874,4691,Projected 2026 from 2006 census,0.13843955711628572,0.13843955711628572,0.1252109448845486,3859,3859,3490
W0242,Birngoko,LGA012,31901,5179,Gridded population estimate 2024,0.4218311322511756,0.4218311322511756,0.14525663094519684,13457,13457,4634
W0254,Eketiyi,LGA012,8363,1463,Gridded population estimate 2024,0.4556068084595075,0.4556068084595075,0.0,3810,3810,0
W0255,Kukbeja,LGA012,20506,3403,Projected 2026 from 2006 census,0.6697462752788506,0.6697462752788506,0.33976022590083355,13734,13734,6967
W0263,Zamlama,LGA012,30745,5289,Projected 2026 from 2006 census,0.18054172177299788,0.18054172177299788,0.0,5551,5551,0
W0294,Yeltiko,LGA012,44690,6712,Gridded population estimate 2024,0.45956885988541735,0.3040575079841647,0.016959744646029618,20538,13588,758
W0241,Banluba,LGA021,12363,1821,Projected 2026 from 2006 census,0.7186774260691777,0.7186774260691777,0.0,8885,8885,0
W0244,Yobnadu,LGA021,39891,6419,Gridded population estimate 2024,0.3389285056516773,0.3389285056516773,0.1257827615980378,13520,13520,5018
W0272,Bannasa,LGA021,6751,1232,Projected 2026 from 2006 census,0.22264652608626456,0.22264652608626456,0.21728724926926632,1503,1503,1467
W0287,Banngotu,LGA021,18583,2855,Projected 2026 from 2006 census,0.2640425214174641,0.2640425214174641,0.19497896605796333,4907,4907,3623
W0298,Adetsile,LGA021,26085,4743,Projected 2026 from 2006 census,0.5235021376065877,0.5235021376065877,0.12421794280745782,13656,13656,3240
W0304,Nasbayi,LGA013,12467,2031,Projected 2026 from 2006 census,0.536433230844831,0.536433230844831,0.34772065470738855,6688,6688,4335
W0317,Lokkoko,LGA013,12865,2197,Projected 2026 from 2006 census,0.07272427383528125,0.07272427383528125,0.05559265188875645,936,936,715
W0326,Supbena,LGA013,64897,9417,Projected 2026 from 2006 census,0.46241304123470334,0.46241304123470334,0.24290092850967213,30009,30009,15764
W0332,Ibarima,LGA013,5481,873,Gridded population estimate 2024,0.4962950646630469,0.4962950646630469,0.40389576229575064,2720,2720,2214
W0340,Ekengomi,LGA013,17469,2663,Projected 2026 from 2006 census,0.10634954773829836,0.10634954773829836,0.07766351974018428,1858,1858,1357
W0348,Kukmatu,LGA045,24631,4308,Projected 2026 from 2006 census,0.4691982861281732,0.3521029105828575,0.34819882793783985,11557,8673,8576
W0366,Ngebana,LGA045,9780,1757,Projected 2026 from 2006 census,0.5050961351332153,0.4691921171410985,0.46814302405919583,4940,4589,4578
W0379,Birnuta,LGA045,22064,3415,Projected 2026 from 2006 census,0.0,0.0,0.0,0,0,0
W0385,Duttiri,LGA045,41492,7184,Projected 2026 from 2006 census,0.45691372096234795,0.45691372096234795,0.17083530014120873,18958,18958,7088
W0386,Birngowa,LGA045,14935,2697,Projected 2026 from 2006 census,0.06651215320749204,0.06651215320749204,0.0280978687199352,993,993,420
W0362,Ekebewa,LGA103,15624,2710,Projected 2026 from 2006 census,0.2490804214194492,0.23825105502852734,0.056290622168557576,3892,3722,879
W0374,Duttsita,LGA103,15589,2528,Projected 2026 from 2006 census,0.39041363298263665,0.14698283314278643,0.14252053074737836,6086,2291,2222
W0376,Yelwana,LGA103,15857,2299,Projected 2026 from 2006 census,0.4013099440898957,0.4013099440898957,0.03293543415713839,6364,6364,522
W0401,Supmita,LGA103,15361,2531,Projected 2026 from 2006 census,0.2373981431421373,0.22930253931721134,0.21117609431668521,3647,3522,3244
W0407,Yelnuba,LGA103,22891,3582,Projected 2026 from 2006 census,0.5009949226683891,0.5009949226683891,0.3176201924595256,11468,11468,7271
W0408,Okedesa,LGA103,9769,1615,Projected 2026 from 2006 census,0.2658023307551423,0.16685341347055133,0.12495605222723424,2597,1630,1221
W0260,Banmiru,LGA014,23563,4238,Projected 2026 from 2006 census,0.1598431411048833,0.1598431411048833,0.033577024900517366,3766,3766,791
W0274,Joskodu,LGA014,18151,2747,Gridded population estimate 2024,0.31514500191137845,0.31514500191137845,0.018390354067912156,5720,5720,334
W0289,Tivbata,LGA014,11737,1943,Projected 2026 from 2006 census,0.26630938755853445,0.26630938755853445,0.2346273487447912,3126,3126,2754
W0200,Jostiko,LGA068,5416,870,Projected 2026 from 2006 census,0.41329675382750236,0.41329675382750236,0.2113086075250616,2238,2238,1144
W0218,Ekebemi,LGA068,17471,2847,Gridded population estimate 2024,0.5836513472604504,0.5836513472604504,0.3092663139208248,10197,10197,5403
W0233,Agbderu,LGA068,7974,1468,Projected 2026 from 2006 census,0.2962570127084403,0.2962570127084403,0.0,2362,2362,0
W0234,Hanbafa,LGA068,30099,4494,Gridded population estimate 2024,0.5235966474333033,0.5235966474333033,0.2893653881263606,15760,15760,8710
W0195,Sokdushi,LGA089,30349,5243,Gridded population estimate 2024,0.21669077250585184,0.21669077250585184,0.04914913643770148,6576,6576,1492
W0206,Birtima,LGA089,32564,5971,Projected 2026 from 2006 census,0.652030437455288,0.38474896044401846,0.3279935932717877,21233,12529,10681
W0227,Kukngowa,LGA089,14415,2543,Gridded population estimate 2024,0.3657389908270507,0.3657389908270507,0.3634351469974227,5272,5272,5239
W0235,Olukoko,LGA089,4374,786,Gridded population estimate 2024,0.2595798772766655,0.2595798772766655,0.2291362139091478,1135,1135,1002
W0120,Ngemima,LGA048,41942,6135,Projected 2026 from 2006 census,0.3096410110435334,0.3096410110435334,0.20135605869829284,12987,12987,8445
W0133,Oluyoko,LGA048,15374,2340,Projected 2026 from 2006 census,0.43421400582524494,0.43421400582524494,0.17822357762324614,6676,6676,2740
W0148,Loksafa,LGA048,8309,1490,Projected 2026 from 2006 census,0.34699411946365033,0.34699411946365033,0.04693301780272797,2883,2883,390
W0159,Dutsaba,LGA048,12352,1824,Projected 2026 from 2006 census,0.21774966130624362,0.21774966130624362,0.20363077200963253,2690,2690,2515
W0162,Gwolude,LGA048,56819,9726,Projected 2026 from 2006 census,0.1940848253734214,0.1940848253734214,0.17547988909409046,11028,11028,9971
W0172,Yelwari,LGA030,32472,5890,Projected 2026 from 2006 census,0.43835171534451645,0.43835171534451645,0.3873660909946221,14234,14234,12579
W0174,Ademano,LGA030,6556,1094,Gridded population estimate 2024,0.0008362548268596765,0.0008362548268596765,0.0008362548268596765,5,5,5
W0186,Adewadu,LGA030,8052,1257,Gridded population estimate 2024,0.4868874546992552,0.38351518980507565,0.38351518980507576,3920,3088,3088
W0203,Fundeko,LGA030,40619,6982,Projected 2026 from 2006 census,0.3945733875707661,0.3945733875707661,0.3945733875707661,16027,16027,16027
W0215,Josmita,LGA030,20812,3542,Projected 2026 from 2006 census,0.4299105192951768,0.3335659139968249,0.2511515328503828,8947,6942,5227
W0226,Ngeyomi,LGA030,35645,5691,Projected 2026 from 2006 census,0.027823001721162605,0.027823001721162605,0.0,992,992,0
W0229,Soknari,LGA030,33580,6063,Projected 2026 from 2006 census,0.161804579249505,0.161804579249505,0.161804579249505,5433,5433,5433
W0238,Ngemafa,LGA030,10716,1857,Projected 2026 from 2006 census,0.11874109649634973,0.11719589311018572,0.0,1272,1256,0
W0230,Wurjino,LGA054,21536,3377,Gridded population estimate 2024,0.41609632554439985,0.41609632554439985,0.028294199204713592,8961,8961,609
W0231,Funmidu,LGA054,53205,8132,Gridded population estimate 2024,0.5073507758446777,0.5073507758446777,0.35788711751186664,26994,26994,19041
W0232,Tivzana,LGA054,15635,2575,Gridded population estimate 2024,0.5291617535457097,0.5291617535457097,0.33930519361932254,8273,8273,5305
W0237,Soksani,LGA054,37864,5643,Projected 2026 from 2006 census,0.6085544873271981,0.6085544873271981,0.17227202180737003,23042,23042,6523
W0251,Yelzafa,LGA054,64890,9790,Gridded population estimate 2024,0.5182797104786764,0.5182797104786764,0.24205906592178184,33631,33631,15707
W0262,Banshako,LGA054,21735,3996,Projected 2026 from 2006 census,0.5785788998691169,0.5785788998691169,0.0,12575,12575,0
W0146,Riyjiwo,LGA080,43412,7310,Projected 2026 from 2006 census,0.4748570535578042,0.4748570535578042,0.192222144427647,20614,20614,8345
W0153,Eketsishi,LGA080,37573,6676,Projected 2026 from 2006 census,0.0,0.0,0.0,0,0,0
W0173,Enuzale,LGA080,24688,3756,Projected 2026 from 2006 census,0.04188924809534715,0.04188924809534715,0.006163507789805372,1034,1034,152
W0182,Ekesana,LGA080,3372,592,Gridded population estimate 2024,0.19708593443947564,0.19708593443947564,0.19708593443947564,665,665,665
W0144,Hanlashi,LGA007,38731,6298,Projected 2026 from 2006 census,0.15591819679157728,0.15591819679157728,0.02863363980947203,6039,6039,1109
W0160,Katlatu,LGA007,37198,6854,Gridded population estimate 2024,0.20023991705138186,0.10810940547239302,0.0,7449,4021,0
W0183,Daikema,LGA007,22175,3692,Projected 2026 from 2006 census,0.30891780945586367,0.3089178094558636,0.11261530418499507,6850,6850,2497
W0192,Duttsija,LGA007,26154,4454,Gridded population estimate 2024,0.38065966382532707,0.38065966382532707,0.21544394343228634,9956,9956,5635
W0168,Shatsiru,LGA053,30322,5296,Projected 2026 from 2006 census,0.5055648100977775,0.5055648100977775,0.29127709824446407,15330,15330,8832
W0190,Katduna,LGA053,19158,3251,Projected 2026 from 2006 census,0.1725632796899149,0.1725632796899149,0.1725632796899149,3306,3306,3306
W0199,Ekekena,LGA053,58641,9530,Projected 2026 from 2006 census,0.7474127501292818,0.549371015682168,0.23728785679122083,43829,32216,13915
W0204,Josnata,LGA053,17791,2921,Projected 2026 from 2006 census,0.2575622846276484,0.2575622846276484,0.17562654780903927,4582,4582,3125
W0210,Riyshawa,LGA053,19364,2855,Projected 2026 from 2006 census,0.5490458007270552,0.5490458007270552,0.18989495904844797,10632,10632,3677
W0220,Shabani,LGA053,17795,2597,Projected 2026 from 2006 census,0.5852864802933069,0.5852864802933069,0.2587568867281757,10415,10415,4605
W0211,Daideno,LGA096,15540,2504,Projected 2026 from 2006 census,0.45712378478402566,0.45712378478402566,0.20782919883037373,7104,7104,3230
W0217,Enurawo,LGA096,28796,4281,Projected 2026 from 2006 census,0.19802556495394913,0.19802556495394913,0.0,5702,5702,0
W0219,Iroshaba,LGA096,10791,1931,Projected 2026 from 2006 census,0.05263196353378607,0.05263196353378607,0.0,568,568,0
W0091,Yobzade,LGA024,37811,6364,Gridded population estimate 2024,0.24000141756744583,0.24000141756744583,0.24000141756744583,9075,9075,9075
W0106,Supsani,LGA024,33198,5916,Projected 2026 from 2006 census,0.7474383794996691,0.7073657907233006,0.283627600556827,24813,23483,9416
W0118,Hanradu,LGA024,31076,5386,Projected 2026 from 2006 census,0.4872295447983391,0.4872295447983391,0.2783028341888853,15141,15141,8649
W0132,Ibangoja,LGA024,5079,776,Gridded population estimate 2024,0.0,0.0,0.0,0,0,0
W0145,Gwokemi,LGA024,30630,5641,Gridded population estimate 2024,0.2619386328541552,0.26193863285415514,0.0,8023,8023,0
W0321,Katriwa,LGA057,25144,4134,Projected 2026 from 2006 census,0.4924379855718105,0.4924379855718105,0.4202165675646803,12382,12382,10566
W0322,Hanluri,LGA057,46058,7796,Projected 2026 from 2006 census,0.4648220607895822,0.3679779443104117,0.0705571290194646,21409,16948,3250
W0336,Birmishi,LGA057,27622,4470,Gridded population estimate 2024,0.27489334535487925,0.27489334535487925,0.27489334535487925,7593,7593,7593
W0344,Wurzafa,LGA057,28466,4595,Projected 2026 from 2006 census,0.34704578833677135,0.34704578833677135,0.09374780719862147,9879,9879,2669
W0337,Okeluwo,LGA093,60422,9242,Gridded population estimate 2024,0.40020638525203994,0.4001563397863248,0.0,24181,24178,0
W0346,Yobnuma,LGA093,5421,799,Gridded population estimate 2024,0.19387995488961302,0.10479252274088088,0.07161662440630201,1051,568,388
W0365,Ibayoja,LGA093,22597,3754,Projected 2026 from 2006 census,0.763745228710484,0.622859940417815,0.22671967276845975,17258,14075,5123
W0388,Hanraru,LGA093,36907,5874,Gridded population estimate 2024,0.4943304743589318,0.4943304743589318,0.29157271976333426,18244,18244,10761
W0399,Katduba,LGA093,17739,2807,Projected 2026 from 2006 census,0.36745483976684806,0.36745483976684806,0.2729459631839737,6518,6518,4842
W0268,Ekemiwa,LGA049,19759,3300,Gridded population estimate 2024,0.3488914189068956,0.3488914189068956,0.2857350499342742,6894,6894,5646
W0291,Katnule,LGA049,18324,2845,Projected 2026 from 2006 census,0.3864808921840701,0.28554836579900034,0.03193074239116498,7082,5232,585
W0292,Funrashi,LGA049,34336,5582,Projected 2026 from 2006 census,0.19401976052223482,0.07884901834852985,0.07884901834852985,6662,2707,2707
W0300,Tivtimi,LGA049,28943,4887,Projected 2026 from 2006 census,0.3483600432807538,0.24444386968769377,0.24111984442495232,10083,7075,6979
W0312,Banrani,LGA049,9841,1715,Gridded population estimate 2024,0.4680892788159487,0.46497786999276847,0.13539482629239108,4606,4576,1332
W0349,Tivshana,LGA042,9478,1571,Projected 2026 from 2006 census,0.6483655223635969,0.6483655223635969,0.378851559173736,6145,6145,3591
W0357,Tivdeli,LGA042,5469,800,Gridded population estimate 2024,0.8026712442989498,0.5887949380499521,0.4711561046494182,4390,3220,2577
W0361,Sokyowa,LGA042,23511,3518,Projected 2026 from 2006 census,0.5143354422474182,0.46656709302724486,0.253722179583966,12093,10969,5965
W0364,Katbeno,LGA042,9987,1613,Projected 2026 from 2006 census,0.4090414906042345,0.37097335059881886,0.09469247743996313,4085,3705,946
W0375,Zamwari,LGA042,24345,4005,Projected 2026 from 2006 census,0.4272552863008582,0.4272552863008582,0.2930427966317153,10402,10402,7134
W0384,Daimako,LGA042,8679,1375,Projected 2026 from 2006 census,0.32906393422619956,0.061861917663593106,0.0,2856,537,0
W0387,Baunata,LGA042,25729,4186,Projected 2026 from 2006 census,0.2569086167961333,0.2552987473629293,0.019082630723660596,6610,6569,491
W0269,Shayona,LGA084,39946,6008,Projected 2026 from 2006 census,0.30871471696005287,0.30871471696005287,0.1752542794760807,12332,12332,7001
W0270,Ngeduru,LGA084,40580,6791,Projected 2026 from 2006 census,0.4809215381063835,0.4809215381063835,0.2891147484347272,19516,19516,11732
W0284,Okemishi,LGA084,27389,4357,Projected 2026 from 2006 census,0.31735843778161704,0.31735843778161704,0.20108920190764418,8692,8692,5508
W0285,Kukrali,LGA084,28554,4691,Projected 2026 from 2006 census,0.36271712384758714,0.3419473747850586,0.3419473747850586,10357,9764,9764
W0301,Agbsama,LGA084,24268,3606,Gridded population estimate 2024,0.36726047497081704,0.36726047497081704,0.1891169930446903,8913,8913,4589
W0305,Yobbana,LGA084,7990,1262,Projected 2026 from 2006 census,0.4095489141723326,0.4053896678289392,0.0657439489884963,3272,3239,525
W0228,Yeldule,LGA072,30843,4790,Projected 2026 from 2006 census,0.7161461851939609,0.7161461851939609,0.595247250829675,22088,22088,18359
W0250,Soknudu,LGA072,10680,1795,Projected 2026 from 2006 census,0.3107155531995441,0.3107155531995441,0.012942441190702701,3318,3318,138
W0252,Shawaba,LGA072,16640,3059,Gridded population estimate 2024,0.146518942146475,0.09334074089424571,0.06785459892252384,2438,1553,1129
W0276,Ngewama,LGA072,8984,1304,Projected 2026 from 2006 census,0.04764078807553635,0.027745192536206168,0.0,428,249,0
W0277,Okenatu,LGA072,6289,924,Gridded population estimate 2024,0.48339823215698074,0.48339823215698063,0.48339823215698086,3040,3040,3040
W0290,Dutrama,LGA002,16813,3036,Projected 2026 from 2006 census,0.5838796192147283,0.5838796192147283,0.27252321569309507,9817,9817,4582
W0350,Ekenushi,LGA002,24459,3750,Gridded population estimate 2024,0.42788838330379,0.42788838330379,0.19706563552575498,10466,10466,4820
W0372,Sokshano,LGA002,18801,2800,Projected 2026 from 2006 census,0.6600007269961647,0.6600007269961647,0.42161318252475266,12409,12409,7927
W0373,Ngeluli,LGA002,16604,2928,Gridded population estimate 2024,0.631127890081882,0.631127890081882,0.6307590403012581,10479,10479,10473
W0397,Ibangoba,LGA099,17016,3113,Projected 2026 from 2006 census,0.10571123348540529,0.10571123348540529,0.0,1799,1799,0
W0416,Agbkoli,LGA099,63483,11133,Gridded population estimate 2024,0.28074775443079814,0.28074775443079814,0.06721953052068855,17823,17823,4267
W0427,Katdeno,LGA099,64470,9430,Projected 2026 from 2006 census,0.5716751361053002,0.49087488991220113,0.2682063604897276,36856,31647,17291
W0438,Maldule,LGA099,89130,13587,Gridded population estimate 2024,0.8901099761277862,0.8901099761277862,0.7451319243775845,79336,79336,66414
W0457,Zambema,LGA099,144693,26236,Projected 2026 from 2006 census,0.34740381966098216,0.18166141281114925,0.18166141281114925,50267,26285,26285
W0363,Ibalana,LGA028,67969,11837,Projected 2026 from 2006 census,0.3417992775941304,0.3417992775941304,0.2798995685949049,23232,23232,19024
W0369,Tivyoyi,LGA028,12654,2072,Gridded population estimate 2024,0.31909733019471265,0.31909733019471265,0.3190280726901574,4038,4038,4037
W0378,Katbaru,LGA028,66556,9690,Gridded population estimate 2024,0.6273608956475967,0.62187803883613,0.62187803883613,41755,41390,41390
W0396,Katmana,LGA028,108552,18540,Projected 2026 from 2006 census,0.41655854718635377,0.41655854718635377,0.3183949218265942,45218,45218,34562
W0308,Uzodumi,LGA006,56649,8954,Gridded population estimate 2024,0.5810289870606836,0.4819158942200124,0.47119520574217205,32915,27300,26693
W0311,Uzotsiru,LGA006,17315,3078,Gridded population estimate 2024,0.5983720276565161,0.40487131575326646,0.2494863560377647,10361,7010,4320
W0320,Enumitu,LGA006,62751,9137,Projected 2026 from 2006 census,0.7031045835663198,0.7031045835663198,0.5348339360426658,44121,44121,33561
W0331,Daitsitu,LGA006,66951,9983,Projected 2026 from 2006 census,0.5766038124554574,0.5486882771706465,0.15653622870152112,38604,36735,10480
W0381,Bausako,LGA076,165631,28205,Projected 2026 from 2006 census,0.5105425839431248,0.24241747932780866,0.14541200492366163,84562,40152,24085
W0404,Kuknadu,LGA076,28978,5337,Projected 2026 from 2006 census,0.5656098754796269,0.41757717854487647,0.27018039522236414,16390,12101,7829
W0415,Birbele,LGA076,54096,9626,Projected 2026 from 2006 census,0.40656870296482095,0.36193445897536863,0.13565908426973902,21994,19579,7339
W0418,Banwama,LGA076,63469,11492,Gridded population estimate 2024,0.4164791133846801,0.37422532066918934,0.1612963916213717,26434,23752,10237
W0330,Daiyona,LGA094,100817,17826,Gridded population estimate 2024,0.7143603355334617,0.7143603355334617,0.4663361731264543,72020,72020,47015
W0333,Riylale,LGA094,45323,7809,Gridded population estimate 2024,0.7319312750991201,0.4829931836707024,0.20884746108590116,33173,21891,9466
W0351,Duttsisa,LGA094,20255,3577,Projected 2026 from 2006 census,0.27906610712572527,0.27906610712572527,0.07608501339003487,5652,5652,1541
W0352,Kukjino,LGA094,238099,41681,Gridded population estimate 2024,0.209971468610529,0.10798988961418908,0.10784249623004298,49994,25712,25677
W0355,Uzosawo,LGA094,81645,13881,Gridded population estimate 2024,0.7317144051624667,0.7317144051624667,0.6082027584089574,59741,59741,49657
W0370,Agbnana,LGA094,68830,11728,Projected 2026 from 2006 census,0.24688349582161084,0.24688349582161084,0.16661075160293792,16993,16993,11468
W0382,Bantsiko,LGA094,171413,27404,Gridded population estimate 2024,0.2809693519509041,0.2809693519509041,0.2809693519509041,48162,48162,48162
W0307,Banlama,LGA075,66320,12156,Projected 2026 from 2006 census,0.5503405673485376,0.5503405673485376,0.5017063191544817,36499,36499,33273
W0313,Riymano,LGA075,134531,24673,Projected 2026 from 2006 census,0.5863004981101521,0.5625425101190942,0.4518297861463735,78876,75679,60785
W0339,Uzorimi,LGA075,47819,7749,Projected 2026 from 2006 census,0.49846995613823114,0.09430954251242432,0.047132966228922275,23836,4510,2254
W0342,Ngemiyi,LGA075,173629,27558,Gridded population estimate 2024,0.5200020578658429,0.4607007756089205,0.16120505141232477,90287,79991,27990
W0356,Daitisa,LGA075,57444,8377,Projected 2026 from 2006 census,0.33757442492239625,0.3236955489931093,0.15740159677972984,19392,18594,9042
W0358,Ekesasa,LGA075,50681,9065,Projected 2026 from 2006 census,0.23386737107114644,0.22232410483580253,0.17097938464097368,11853,11268,8665
W0398,Gwobako,LGA075,114383,20259,Projected 2026 from 2006 census,0.4174024424575145,0.4174024424575145,0.06045816237705649,47744,47744,6915
W0520,Yelbeba,LGA095,21297,3456,Projected 2026 from 2006 census,0.5729579499813126,0.47481927793335066,0.47389203751226944,12202,10112,10092
W0523,Riynaja,LGA095,2417,430,Projected 2026 from 2006 census,0.22674419304639137,0.07581962163623673,0.052612541236172844,548,183,127
W0537,Ngesana,LGA095,9976,1799,Projected 2026 from 2006 census,0.43406081267908797,0.43406081267908797,0.31231228539114664,4330,4330,3116
W0571,Uzoyodu,LGA095,41393,6855,Projected 2026 from 2006 census,0.7258065463498842,0.7082912134631962,0.26233408153740284,30043,29318,10859
W0464,Tamnuta,LGA033,36744,5704,Gridded population estimate 2024,0.08396106074477891,0.012328322458028429,0.0,3085,453,0
W0465,Gwokoma,LGA033,9433,1447,Projected 2026 from 2006 census,0.3163398638131315,0.3163398638131315,0.028926033442505376,2984,2984,273
W0468,Supmija,LGA033,26377,3832,Projected 2026 from 2006 census,0.11260388614248208,0.11260388614248208,0.11251411490217007,2970,2970,2968
W0482,Banmide,LGA033,23841,3968,Gridded population estimate 2024,0.23112527757402307,0.23112527757402307,0.019232924247586405,5510,5510,459
W0492,Adetsiko,LGA033,7474,1352,Gridded population estimate 2024,0.17401255548515793,0.17401255548515793,0.0,1301,1301,0
W0417,Daizana,LGA026,18366,2762,Gridded population estimate 2024,0.46021131367692875,0.46021131367692875,0.07650600392783438,8452,8452,1405
W0431,Adekede,LGA026,7815,1274,Projected 2026 from 2006 census,0.2529586780451062,0.2529586780451062,0.08744759911312291,1977,1977,683
W0439,Daideli,LGA026,18937,2996,Projected 2026 from 2006 census,0.3959949175456671,0.3959949175456671,0.12193447495015765,7499,7499,2309
W0443,Supngotu,LGA026,34129,5714,Projected 2026 from 2006 census,0.45679148963628713,0.4360235254437063,0.08152105354547821,15590,14881,2782
W0452,Adewano,LGA026,7444,1244,Projected 2026 from 2006 census,0.47624485641661524,0.47624485641661524,0.16898119244121132,3545,3545,1258
W0453,Adetsidu,LGA026,12736,1950,Projected 2026 from 2006 census,0.39255801514493316,0.3855706731564255,0.30675263859534446,5000,4911,3907
W0470,Funyofa,LGA111,9560,1494,Projected 2026 from 2006 census,0.3278197895584088,0.3278197895584088,0.1283070616293574,3134,3134,1227
W0476,Yobngole,LGA111,35002,5613,Projected 2026 from 2006 census,0.07584858948948925,0.07584858948948925,0.07352148136364205,2655,2655,2573
W0484,Tivlano,LGA111,45422,7802,Gridded population estimate 2024,0.3027803956420964,0.12968270117589903,0.12648218436377656,13753,5890,5745
W0489,Ngemili,LGA111,6567,1121,Projected 2026 from 2006 census,0.35573564610126596,0.35573564610126596,0.21219931559134844,2336,2336,1394
W0490,Zamdena,LGA111,23066,4084,Gridded population estimate 2024,0.39767074235618993,0.39767074235618993,0.031721904952468474,9173,9173,732
W0502,Hantima,LGA111,41236,6427,Projected 2026 from 2006 census,0.7532157447733104,0.7532157447733104,0.398441442558131,31060,31060,16430
W0503,Yobbafa,LGA111,29444,4594,Gridded population estimate 2024,0.24152926586854553,0.24152926586854553,0.0,7112,7112,0
W0506,Dairili,LGA029,55806,9194,Projected 2026 from 2006 census,0.567664431012335,0.567664431012335,0.2966608442724846,31679,31679,16555
W0511,Supriyi,LGA029,15593,2678,Projected 2026 from 2006 census,0.6495775170727476,0.6495775170727476,0.10865908638479241,10129,10129,1694
W0521,Funwashi,LGA029,15168,2577,Gridded population estimate 2024,0.3169693109866266,0.3169693109866266,0.0,4808,4808,0
W0522,Dutluko,LGA029,8488,1399,Gridded population estimate 2024,0.110450815176225,0.110450815176225,0.0,938,938,0
W0554,Agbzali,LGA029,61670,10296,Projected 2026 from 2006 census,0.32403330567673205,0.32403330567673205,0.179556573675493,19983,19983,11073
W0454,Gwoyowo,LGA003,56223,8971,Gridded population estimate 2024,0.6341364829880892,0.6341364829880892,0.06970413300586406,35653,35653,3919
W0474,Tambawa,LGA003,17532,2839,Gridded population estimate 2024,0.2540830779204503,0.2540830779204503,0.2354063402694074,4455,4455,4127
W0481,Uzolaba,LGA003,4200,653,Projected 2026 from 2006 census,0.45101742080931273,0.45101742080931273,0.45101742080931273,1894,1894,1894
W0499,Loktsifa,LGA003,25735,4035,Projected 2026 from 2006 census,0.5565566420552904,0.5565566420552904,0.19746795898997554,14323,14323,5082
W0410,Wurtimi,LGA106,12659,1986,Gridded population estimate 2024,0.49662678933704535,0.49662678933704535,0.37048168557430167,6287,6287,4690
W0424,Olunumi,LGA106,12678,2217,Projected 2026 from 2006 census,0.1763715088733041,0.08942646342300233,0.0,2236,1134,0
W0432,Adebale,LGA106,10125,1694,Projected 2026 from 2006 census,0.21699005014456196,0.20345889890317237,0.0,2197,2060,0
W0436,Shaduni,LGA106,19802,3020,Gridded population estimate 2024,0.13685965870259403,0.13685965870259403,0.0,2710,2710,0
W0449,Sharimi,LGA106,23410,4323,Gridded population estimate 2024,0.35389239200265404,0.35389239200265404,0.1839243802650177,8285,8285,4306
W0451,Ekebawa,LGA106,8701,1569,Projected 2026 from 2006 census,0.19151762235372077,0.19151762235372077,0.0,1666,1666,0
W0391,Kadbana,LGA098,25752,4288,Projected 2026 from 2006 census,0.27538737401758734,0.27538737401758734,0.27538737401758734,7092,7092,7092
W0409,Zamzani,LGA098,11084,1939,Gridded population estimate 2024,0.2772654597655292,0.2772654597655293,0.0,3073,3073,0
W0411,Umuduno,LGA098,30087,4458,Gridded population estimate 2024,0.00028661775547478096,0.00028661775547478096,0.00028661775547478096,9,9,9
W0414,Lokkode,LGA098,67858,10432,Gridded population estimate 2024,0.5222018449941845,0.31596087644042703,0.05667882743233531,35436,21440,3846
W0420,Bantsitu,LGA098,39333,7085,Gridded population estimate 2024,0.33837819642414546,0.33837819642414546,0.3223961647292207,13309,13309,12681
W0430,Daikowa,LGA098,33801,5804,Gridded population estimate 2024,0.2767349759576734,0.2767349759576734,0.2126787685378152,9354,9354,7189
W0297,Agbtiba,LGA083,25472,4095,Projected 2026 from 2006 census,0.2257915575349,0.2257915575349,0.1974936902783623,5751,5751,5031
W0306,Kukmiyi,LGA083,17600,3229,Gridded population estimate 2024,0.3068348463339427,0.3068348463339427,0.2789688145419242,5400,5400,4910
W0316,Tamduri,LGA083,38124,5881,Gridded population estimate 2024,0.6035510756234931,0.6035510756234931,0.27706640498469753,23010,23010,10563
W0319,Wurlutu,LGA083,38852,6166,Gridded population estimate 2024,0.48628892745948565,0.48628892745948565,0.20187196381731673,18893,18893,7843
W0329,Jostsita,LGA083,13014,2007,Projected 2026 from 2006 census,0.3880658196647279,0.3880658196647279,0.2801851021991682,5050,5050,3646
W0327,Suplashi,LGA105,23202,4107,Gridded population estimate 2024,0.20879335090216755,0.20879335090216755,0.16717101469338555,4844,4844,3879
W0345,Olulale,LGA105,52073,9564,Projected 2026 from 2006 census,0.14572119036337244,0.14572119036337244,0.0,7588,7588,0
W0347,Umurifa,LGA105,18956,3222,Gridded population estimate 2024,0.34912607904672377,0.34912607904672377,0.26142801225065077,6618,6618,4956
W0371,Wurzano,LGA105,36608,5745,Projected 2026 from 2006 census,0.29166288334393764,0.29166288334393764,0.0,10677,10677,0
W0377,Kukwana,LGA105,18654,3375,Gridded population estimate 2024,0.22773782570890877,0.22773782570890877,0.17250488190303076,4248,4248,3218
W0278,Nasrari,LGA066,5709,856,Projected 2026 from 2006 census,0.3647176971659495,0.3647176971659495,0.16347192192561164,2082,2082,933
W0286,Riyridu,LGA066,20150,3129,Projected 2026 from 2006 census,0.19656876476753182,0.19656876476753182,0.17418874075596794,3961,3961,3510
W0302,Yeldena,LGA066,31383,5194,Gridded population estimate 2024,0.47624004917207363,0.47624004917207363,0.3646089593215934,14946,14946,11443
W0309,Lokyofa,LGA066,22795,3929,Projected 2026 from 2006 census,0.4562866626140827,0.4562866626140827,0.07359711676806295,10401,10401,1678
W0335,Lokkona,LGA066,27978,4874,Projected 2026 from 2006 census,0.5434337885150162,0.5434337885150162,0.47300818354328733,15204,15204,13234
W0383,Funkotu,LGA046,8410,1531,Projected 2026 from 2006 census,0.3030833211509429,0.3030833211509429,0.3030833211509429,2549,2549,2549
W0395,Supyomi,LGA046,18207,3135,Projected 2026 from 2006 census,0.20502948303508162,0.20502948303508162,0.20502948303508162,3733,3733,3733
W0400,Banzashi,LGA046,6350,1159,Gridded population estimate 2024,0.2657575683733914,0.2657575683733914,0.25332959795293586,1688,1688,1609
W0419,Uzowadu,LGA046,41644,7348,Projected 2026 from 2006 census,0.4382606323364383,0.4382606323364383,0.29048514645746193,18251,18251,12097
W0421,Okeriyi,LGA046,10389,1619,Projected 2026 from 2006 census,0.1631274512936789,0.1631274512936789,0.0,1695,1695,0
W0435,Katlale,LGA046,23654,3543,Projected 2026 from 2006 census,0.3703641847462791,0.3703641847462791,0.0,8761,8761,0
W0288,Daiwaru,LGA011,31115,4774,Gridded population estimate 2024,0.01858116238525755,0.01858116238525755,0.007243017486426347,578,578,225
W0299,Hanwano,LGA011,32330,5418,Gridded population estimate 2024,0.5952829938511414,0.5952829938511414,0.19883948096450096,19245,19245,6428
W0314,Yobnushi,LGA011,36757,6093,Gridded population estimate 2024,0.4206121231733457,0.4206121231733457,0.24961788978719013,15460,15460,9175
W0328,Gwojishi,LGA011,27906,4942,Projected 2026 from 2006 census,0.30981243387887464,0.30981243387887464,0.030092373776075536,8646,8646,840
W0354,Tivsako,LGA016,23840,4066,Gridded population estimate 2024,0.34563538267086324,0.06656267355469236,0.06656267355469236,8240,1587,1587
W0380,Josmako,LGA016,12033,2078,Projected 2026 from 2006 census,0.5807339171943462,0.5807339171943462,0.24247111173265298,6988,6988,2918
W0393,Yobkono,LGA016,29872,5172,Projected 2026 from 2006 census,0.25400204021335726,0.16894552248272407,0.09988487508019703,7588,5047,2984
W0394,Ekengoja,LGA016,13519,2068,Gridded population estimate 2024,0.4047838245527895,0.4047838245527895,0.2780390710308244,5472,5472,3759
W0338,Nastino,LGA116,15608,2729,Gridded population estimate 2024,0.6510153379526087,0.6510153379526087,0.2632324457034916,10161,10161,4109
W0353,Malshana,LGA116,66078,10499,Projected 2026 from 2006 census,0.7689542604799469,0.720405779992379,0.4224127512552313,50811,47603,27912
W0360,Tivtsisa,LGA116,60520,10296,Gridded population estimate 2024,0.42437111505786473,0.42437111505786473,0.29521507914799305,25683,25683,17866
W0367,Nasjidu,LGA116,29290,4270,Gridded population estimate 2024,0.39781019933194217,0.39781019933194217,0.3665266361835146,11652,11652,10736
W0368,Josmatu,LGA116,16569,2532,Gridded population estimate 2024,0.8530050878830763,0.8530050878830763,0.3009121276947216,14133,14133,4986
W0462,Funngoru,LGA001,53829,9389,Gridded population estimate 2024,0.29600828923347533,0.29600828923347533,0.0,15934,15934,0
W0478,Wurshani,LGA001,36194,5689,Projected 2026 from 2006 census,0.48383054778337314,0.48383054778337314,0.14884481779608427,17512,17512,5387
W0486,Agbjisa,LGA001,20259,3433,Projected 2026 from 2006 census,0.4984876367477677,0.4984876367477677,0.26054595826558125,10099,10099,5278
W0487,Tamnuma,LGA001,11546,1816,Gridded population estimate 2024,0.20849595294579945,0.20849595294579945,0.08903976467846415,2407,2407,1028
W0508,Uzotsija,LGA001,52312,7858,Projected 2026 from 2006 census,0.798472687969843,0.798472687969843,0.014528677292944277,41770,41770,760
W0512,Okezari,LGA001,4392,666,Projected 2026 from 2006 census,0.23698258169046554,0.23698258169046554,0.0,1041,1041,0
W0405,Irongoko,LGA074,31968,5288,Projected 2026 from 2006 census,0.0,0.0,0.0,0,0,0
W0413,Birtsiba,LGA074,13492,2156,Projected 2026 from 2006 census,0.5320750093425672,0.5320750093425672,0.24568589052708262,7179,7179,3315
W0422,Adedede,LGA074,20157,3104,Projected 2026 from 2006 census,0.010755192581448539,0.010755192581448539,0.010755192581448539,217,217,217
W0425,Riynuna,LGA074,4633,794,Projected 2026 from 2006 census,0.35530746783604344,0.35530746783604344,0.3553074678360435,1646,1646,1646
W0428,Wurzani,LGA074,5140,935,Projected 2026 from 2006 census,0.14169858338338082,0.14169858338338082,0.0,728,728,0
W0448,Sokngono,LGA074,29321,4854,Projected 2026 from 2006 census,0.20509634486912348,0.20509634486912348,0.0,6014,6014,0
W0455,Daizaba,LGA074,31974,5605,Projected 2026 from 2006 census,0.3735779167248323,0.3735779167248323,0.1496356349395972,11945,11945,4784
W0423,Agbriko,LGA113,37321,5670,Projected 2026 from 2006 census,0.34100254992407203,0.34100254992407203,0.003697435345594283,12727,12727,138
W0426,Agbshako,LGA113,21816,3648,Projected 2026 from 2006 census,0.27057745907639397,0.24093994127891633,0.0,5903,5256,0
W0442,Yobludu,LGA113,28989,4322,Gridded population estimate 2024,0.015839338231361993,0.015839338231361993,0.015839338231361993,459,459,459
W0445,Josrani,LGA113,5035,872,Gridded population estimate 2024,0.06599051783062808,0.06599051783062808,0.0,332,332,0
W0459,Dutzali,LGA113,12519,2043,Projected 2026 from 2006 census,0.25103512461600125,0.25103512461600125,0.24464095014671944,3143,3143,3063
W0463,Baulasa,LGA113,7935,1180,Projected 2026 from 2006 census,0.535516838438896,0.535516838438896,0.0,4249,4249,0
W0485,Kattino,LGA050,14862,2524,Projected 2026 from 2006 census,0.24716717944144448,0.24716717944144448,0.0,3673,3673,0
W0493,Hanwani,LGA050,16309,2376,Gridded population estimate 2024,0.16423477916259227,0.16423477916259227,0.16423477916259227,2679,2679,2679
W0494,Funnari,LGA050,16774,2882,Projected 2026 from 2006 census,0.1408889587397029,0.1408889587397029,0.04215531068086311,2363,2363,707
W0509,Shazama,LGA108,12703,2280,Projected 2026 from 2006 census,0.41956254986194397,0.41956254986194397,0.15710347727418153,5330,5330,1996
W0514,Katraja,LGA108,15368,2468,Gridded population estimate 2024,0.3686605864517539,0.3686605864517539,0.08703089503787008,5666,5666,1337
W0527,Wurkele,LGA108,9432,1545,Projected 2026 from 2006 census,0.6637666204568407,0.6633084893885208,0.0361834014911719,6261,6256,341
W0541,Okenuko,LGA108,25417,4015,Projected 2026 from 2006 census,0.465008595077678,0.417662523671912,0.08392451623389374,11819,10616,2133
W0539,Sokdeba,LGA115,106552,19545,Projected 2026 from 2006 census,0.6036221556160675,0.6036221556160675,0.4140266548907841,64317,64317,44115
W0546,Adesale,LGA115,81668,14732,Gridded population estimate 2024,0.6446171406132073,0.6446171406132073,0.6109380638560744,52645,52645,49894
W0559,Lokrana,LGA115,77390,13252,Projected 2026 from 2006 census,0.3639065597294698,0.3639065597294698,0.33456415016934615,28163,28163,25892
W0560,Shatsiba,LGA115,111681,18185,Gridded population estimate 2024,0.31394610138109436,0.31333807341156983,0.0,35062,34994,0
W0565,Dailaba,LGA115,114547,20174,Projected 2026 from 2006 census,0.6859794679382841,0.6859794679382841,0.32220147604558014,78577,78577,36907
W0578,Irokoni,LGA115,54612,9034,Gridded population estimate 2024,0.5071170918646785,0.5071170918646785,0.33280681459363304,27695,27695,18175
W0582,Kukbeta,LGA020,14994,2264,Gridded population estimate 2024,0.23918317309437723,0.23918317309437723,0.0710926279667512,3586,3586,1066
W0594,Uzomisa,LGA020,136327,22276,Projected 2026 from 2006 census,0.35012386087863734,0.35012386087863734,0.12258272159819028,47731,47731,16711
W0596,Zamkoja,LGA020,20075,3367,Projected 2026 from 2006 census,0.3100169927044436,0.3100169927044436,0.15079049074367798,6224,6224,3027
W0612,Tivsana,LGA020,46849,8493,Gridded population estimate 2024,0.44207415225450897,0.44207415225450897,0.2510943826672692,20711,20711,11764
W0617,Ekekode,LGA020,76328,13712,Gridded population estimate 2024,0.43010687112810964,0.43010687112810964,0.31284762679359324,32829,32829,23879
W0579,Irozari,LGA038,60964,10835,Projected 2026 from 2006 census,0.6378245175705571,0.6378245175705571,0.47522048690669166,38884,38884,28971
W0580,Soktiba,LGA038,41671,6786,Gridded population estimate 2024,0.6835016963516619,0.6835016963516619,0.5845660597814761,28482,28482,24359
W0586,Kukngole,LGA038,134710,24818,Gridded population estimate 2024,0.5710390912928162,0.3815111807091185,0.22374628165409066,76925,51393,30141
W0593,Gwonale,LGA038,25017,4616,Projected 2026 from 2006 census,0.43141222892769154,0.2872892516216041,0.14583007099376083,10793,7187,3648
W0597,Ngetiba,LGA038,110138,16966,Projected 2026 from 2006 census,0.3940065759690025,0.3940065759690025,0.27550515438221973,43395,43395,30344
W0605,Wurbasa,LGA038,65037,11672,Projected 2026 from 2006 census,0.6743847058682175,0.6743847058682175,0.2837160615544352,43860,43860,18452
W0590,Gwonashi,LGA058,78373,14204,Projected 2026 from 2006 census,0.6872116815514044,0.6275627255595585,0.4859198271932575,53859,49184,38083
W0598,Shalule,LGA058,70444,11428,Projected 2026 from 2006 census,0.3841137750697437,0.3841137750697437,0.041741620093825385,27059,27059,2940
W0606,Josmadu,LGA058,68604,11731,Gridded population estimate 2024,0.515971262395135,0.515971262395135,0.10104877411385495,35398,35398,6932
W0609,Daiwana,LGA058,72270,13328,Gridded population estimate 2024,0.17529187935394375,0.17529187935394375,0.0016015548236372997,12668,12668,116
W0614,Wurngomi,LGA058,45660,8304,Projected 2026 from 2006 census,0.3982135174562033,0.3982135174562033,0.0,18182,18182,0
W0618,Funnuta,LGA058,63541,10296,Projected 2026 from 2006 census,0.49724825751065804,0.49724825751065804,0.41567948412869504,31596,31596,26413
W0547,Hanbeko,LGA060,123248,20697,Gridded population estimate 2024,0.5649677287359005,0.5635022690246169,0.5252208491141548,69631,69451,64732
W0562,Bandema,LGA060,80909,13036,Projected 2026 from 2006 census,0.5872777719683372,0.5872777719683372,0.42554194272408274,47516,47516,34430
W0566,Wurtsiwa,LGA060,219138,36978,Gridded population estimate 2024,0.6986905402504886,0.6986905402504886,0.6220721706252342,153110,153110,136320
W0576,Kadtini,LGA060,115814,17571,Projected 2026 from 2006 census,0.3213476637809239,0.3213476637809239,0.2331098063410782,37217,37217,26997
W0581,Daibefa,LGA060,80085,13145,Projected 2026 from 2006 census,0.4793050434159638,0.4793050434159638,0.30262906428156,38385,38385,24236
W0533,Banluwa,LGA082,73623,12097,Projected 2026 from 2006 census,0.33585047574223575,0.33585047574223575,0.32116707450713594,24726,24726,23645
W0540,Umuyoba,LGA082,220047,33576,Projected 2026 from 2006 census,0.3058440782952393,0.3058440782952393,0.21632937059262894,67300,67300,47603
W0544,Hantsishi,LGA082,56022,8481,Projected 2026 from 2006 census,0.7675049417250662,0.73467096153089,0.5674364383668165,42997,41158,31789
W0555,Baurima,LGA082,136403,22122,Gridded population estimate 2024,0.5585883940080949,0.55784303439919,0.377120545368349,76193,76091,51440
W0343,Uzojiri,LGA032,15430,2514,Projected 2026 from 2006 census,0.5882014046427221,0.35906577958737285,0.28472978486043565,9076,5540,4393
W0473,Tivnuta,LGA032,42259,7641,Projected 2026 from 2006 census,0.8495818760091646,0.6461363022482466,0.49831488616489517,35902,27305,21058
W0477,Funjiyi,LGA032,23272,3790,Projected 2026 from 2006 census,0.4312990576666822,0.34318168029833473,0.2777838048336787,10037,7987,6465
W0495,Shaketa,LGA032,27884,4569,Gridded population estimate 2024,0.3097579705255742,0.3097579705255742,0.0836899009581408,8637,8637,2334
W0496,Baubama,LGA032,19064,2843,Projected 2026 from 2006 census,0.6804912401059776,0.6727233697396516,0.5065485607661744,12973,12825,9657
W0510,Tammawo,LGA032,16593,2846,Gridded population estimate 2024,0.019057571964919306,0.019057571964919306,0.019057571964919306,316,316,316
W0389,Agbwali,LGA018,63754,9846,Gridded population estimate 2024,0.5493042556308504,0.5493042556308504,0.5161384139103209,35020,35020,32906
W0406,Hansasa,LGA018,28696,4775,Projected 2026 from 2006 census,0.36435676434112213,0.28255713410462074,0.14313505665149612,10456,8108,4107
W0412,Yelngomi,LGA018,7116,1197,Projected 2026 from 2006 census,0.38234126857599976,0.3247665999810386,0.28467782465834174,2721,2311,2026
W0437,Katluko,LGA018,10915,1803,Gridded population estimate 2024,0.5345406353590954,0.32546696780013107,0.0,5835,3552,0
W0392,Joslaru,LGA065,36359,6175,Projected 2026 from 2006 census,0.2786023718266542,0.2658503715555667,0.15635830216442695,10130,9666,5685
W0402,Agbdeni,LGA065,23171,4165,Projected 2026 from 2006 census,0.4469326289983164,0.4399705866145857,0.25813700115707205,10356,10195,5981
W0433,Shangoru,LGA065,34915,6230,Gridded population estimate 2024,0.12587045709207628,0.12045595963584589,0.0695061237821684,4395,4206,2427
W0434,Lokngode,LGA085,12011,1811,Projected 2026 from 2006 census,0.45388084302668646,0.41225271016986276,0.2560238123512691,5452,4952,3075
W0447,Agbngode,LGA085,21622,3510,Projected 2026 from 2006 census,0.4739545028084845,0.4739545028084845,0.3662456188038841,10248,10248,7919
W0458,Agbmile,LGA085,26016,4701,Projected 2026 from 2006 census,0.2734782199936805,0.2734782199936805,0.13200912287156752,7115,7115,3434
W0460,Ekenuno,LGA085,36284,6257,Gridded population estimate 2024,0.7025580030864064,0.7025580030864064,0.3640650727416974,25492,25492,13210
W0461,Lokwari,LGA085,25999,4774,Gridded population estimate 2024,0.0436322730343958,0.0436322730343958,0.03228187589793306,1134,1134,839
W0471,Soknutu,LGA085,9182,1625,Gridded population estimate 2024,0.5062571913458264,0.5062571913458264,0.3146590231129881,4648,4648,2889
W0488,Zambaja,LGA097,21075,3478,Projected 2026 from 2006 census,0.0,0.0,0.0,0,0,0
W0498,Naslawa,LGA097,38895,6378,Gridded population estimate 2024,0.46103761928005393,0.46103761928005393,0.25543074207066535,17932,17932,9935
W0513,Okekewa,LGA097,16391,2627,Projected 2026 from 2006 census,0.007290747761774152,0.007290747761774152,0.007290747761774152,120,120,120
W0517,Banshafa,LGA097,17151,2506,Projected 2026 from 2006 census,0.2784367224978638,0.27843672249786366,0.0,4775,4775,0
W0526,Yobdede,LGA097,21999,3533,Gridded population estimate 2024,0.3786300573717655,0.3786300573717655,0.3727780576205437,8329,8329,8201
W0528,Loktifa,LGA097,6608,1108,Projected 2026 from 2006 census,0.35340883477116414,0.35340883477116414,0.2378736559079314,2335,2335,1572
W0529,Supdushi,LGA097,13330,2373,Projected 2026 from 2006 census,0.0970678732871926,0.0970678732871926,0.05919727730631555,1294,1294,789
W0530,Kadzaru,LGA097,27863,4187,Projected 2026 from 2006 census,0.403051399455488,0.40305139945548807,0.21912942551626866,11230,11230,6106
W0507,Zamnuno,LGA088,52332,9100,Projected 2026 from 2006 census,0.5325922593527235,0.5325922593527235,0.036964328826183356,27872,27872,1934
W0519,Ekeriri,LGA088,23060,3814,Projected 2026 from 2006 census,0.44081464267773146,0.44081464267773146,0.0,10165,10165,0
W0531,Umuwako,LGA088,38914,5813,Projected 2026 from 2006 census,0.31736696873627246,0.31736696873627246,0.07610712427191543,12350,12350,2962
W0534,Bauyoyi,LGA088,48359,8057,Projected 2026 from 2006 census,0.43386467174174276,0.43386467174174276,0.2543747142600574,20981,20981,12301
W0587,Okemashi,LGA067,29466,4729,Gridded population estimate 2024,0.0168626924909524,0.0168626924909524,0.0,497,497,0
W0592,Tivrana,LGA067,13446,2101,Projected 2026 from 2006 census,0.2332815799685416,0.2332815799685416,0.22363336407622766,3137,3137,3007
W0595,Zamriru,LGA067,33457,5800,Projected 2026 from 2006 census,0.3714477990315391,0.37118872234988887,0.0,12428,12419,0
W0601,Riynawa,LGA067,29087,5261,Projected 2026 from 2006 census,0.7283022099117249,0.49139536244271487,0.1410163808302141,21184,14293,4102
W0535,Dairami,LGA059,14424,2502,Projected 2026 from 2006 census,0.18095164758234342,0.18095164758234342,0.0,2610,2610,0
W0549,Tivdewo,LGA059,50209,8502,Gridded population estimate 2024,0.6307549156609187,0.6028150092372475,0.2631968038291934,31670,30267,13215
W0552,Riydewa,LGA059,9433,1535,Gridded population estimate 2024,0.5363178415639617,0.5363178415639617,0.0,5059,5059,0
W0556,Josngoni,LGA059,6005,977,Projected 2026 from 2006 census,0.3616085344242585,0.0935748195141156,0.005996603287343624,2171,562,36
W0558,Tamsashi,LGA059,26701,4303,Projected 2026 from 2006 census,0.2935388642671957,0.2935388642671957,0.0,7838,7838,0
W0563,Shatsino,LGA059,25700,4369,Projected 2026 from 2006 census,0.20100661970672398,0.20100661970672398,0.0,5166,5166,0
W0568,Yobkema,LGA059,52632,8470,Projected 2026 from 2006 census,0.4128029666117324,0.4128029666117324,0.0,21727,21727,0
W0570,Hantsiyi,LGA059,7557,1285,Projected 2026 from 2006 census,0.16099816072997702,0.16099816072997702,0.0,1217,1217,0
W0573,Riyjiyi,LGA059,29232,4838,Gridded population estimate 2024,0.13670869215356282,0.1364179603125921,0.0,3996,3988,0
W0569,Lokmiba,LGA078,30658,5152,Gridded population estimate 2024,0.00021132523830183795,0.00021132523830183795,0.0,6,6,0
W0575,Agbmama,LGA078,34375,5281,Projected 2026 from 2006 census,0.49665219272005434,0.49665219272005434,0.0,17072,17072,0
W0584,Shangodu,LGA078,15050,2231,Gridded population estimate 2024,0.27415467623005685,0.13573763274930065,0.0,4126,2043,0
W0589,Tivtsiwo,LGA078,10147,1585,Gridded population estimate 2024,0.30337223122334994,0.2624920941541436,0.21644302877600033,3078,2664,2196
W0480,Malnumi,LGA069,8389,1358,Projected 2026 from 2006 census,0.800568690372597,0.800568690372597,0.39160630274637925,6716,6716,3285
W0501,Hanlasa,LGA069,39720,6117,Projected 2026 from 2006 census,0.7761951379467064,0.7462751817922705,0.01377242988664629,30830,29642,547
W0504,Maljini,LGA069,16052,2895,Gridded population estimate 2024,0.5479348609425858,0.4812949965364956,0.19333513492369714,8795,7726,3103
W0515,Oluwaba,LGA069,41540,6419,Projected 2026 from 2006 census,0.35008635513995967,0.35008635513995967,0.0,14543,14543,0
W0536,Iroyori,LGA110,42824,7385,Gridded population estimate 2024,0.470084198583708,0.470084198583708,0.0,20131,20131,0
W0551,Gwobali,LGA110,15246,2654,Projected 2026 from 2006 census,0.018457666903774407,0.018457666903774407,0.0,281,281,0
W0553,Nasmitu,LGA110,7788,1389,Projected 2026 from 2006 census,0.35468473249500815,0.35468473249500815,0.0,2762,2762,0
W0561,Okedefa,LGA110,12421,1910,Projected 2026 from 2006 census,0.32188690839618056,0.29039129034992306,0.17281789167752465,3998,3607,2147
W0572,Kuknayi,LGA110,61989,10091,Gridded population estimate 2024,0.7817373487430567,0.7817373487430567,0.3743217243271798,48459,48459,23204
W0444,Adeketu,LGA023,53997,9842,Projected 2026 from 2006 census,0.48462974430697814,0.48462974430697814,0.2383564182281327,26169,26169,12871
W0467,Suptini,LGA023,29231,4332,Projected 2026 from 2006 census,0.40951173876714286,0.3060615017001233,0.19979476299289164,11970,8946,5840
W0469,Sokbedu,LGA023,140881,25427,Projected 2026 from 2006 census,0.4218410199610445,0.313584746334913,0.1144506507403501,59429,44178,16124
W0472,Shayoshi,LGA023,56089,9385,Projected 2026 from 2006 census,0.5644651335915821,0.5644651335915821,0.4020073204341939,31660,31660,22548
W0491,Sokmiwa,LGA023,94379,13768,Projected 2026 from 2006 census,0.32249766998779,0.32249766998779,0.035525569254316824,30437,30437,3353
W0390,Ibayoma,LGA114,69599,11796,Gridded population estimate 2024,0.14968918991627256,0.14968918991627256,0.1496686789560852,10418,10418,10417
W0403,Daizayi,LGA114,46380,7872,Gridded population estimate 2024,0.2659221571280309,0.2659221571280309,0.2587056952674846,12333,12333,11999
W0429,Birriwa,LGA114,128118,19638,Projected 2026 from 2006 census,0.7732048663491129,0.7732048663491129,0.460644560719089,99061,99061,59017
W0440,Shaluja,LGA114,42633,7718,Gridded population estimate 2024,0.41150997114647564,0.41065350991195637,0.402971222858322,17544,17507,17180
W0450,Birnuwa,LGA114,188455,28202,Projected 2026 from 2006 census,0.669531035064056,0.6078023426609332,0.3470051270245535,126176,114543,65395
W0466,Sharishi,LGA114,88072,15548,Projected 2026 from 2006 census,0.3798016677606333,0.3798016677606333,0.3699895092548372,33450,33450,32586
W0479,Katyodu,LGA043,25059,4392,Projected 2026 from 2006 census,0.3519668331586823,0.3519668331586823,0.19807526534156694,8820,8820,4964
W0497,Olujisa,LGA043,94135,14585,Projected 2026 from 2006 census,0.292455502824686,0.292455502824686,0.02954394827246842,27530,27530,2781
W0518,Umuwari,LGA043,91696,14631,Projected 2026 from 2006 census,0.5076094534720909,0.5076094534720909,0.29590777648054867,46546,46546,27134
W0532,Gwobeno,LGA043,54469,9658,Projected 2026 from 2006 census,0.47679668776925,0.47679668776925,0.23003264723926942,25971,25971,12530
W0538,Baurino,LGA043,51509,8208,Projected 2026 from 2006 census,0.27678567606392623,0.27678567606392623,0.0,14257,14257,0
W0545,Irowani,LGA043,127396,19076,Gridded population estimate 2024,0.614709789588375,0.5899736160116752,0.0,78312,75160,0
W0441,Yobwani,LGA022,26544,4449,Gridded population estimate 2024,0.3456824487427092,0.34568244874270926,0.3456824487427094,9176,9176,9176
W0446,Shashafa,LGA022,90801,14081,Projected 2026 from 2006 census,0.4136754993709609,0.4136754993709609,0.16777156995993334,37562,37562,15234
W0456,Okebawo,LGA022,65346,10973,Gridded population estimate 2024,0.5007965872136239,0.5007965872136239,0.0,32725,32725,0
W0475,Uzozafa,LGA022,28734,5183,Gridded population estimate 2024,0.33650428141507366,0.33650428141507366,0.19378880621070346,9669,9669,5568
W0483,Birjili,LGA022,84992,12908,Gridded population estimate 2024,0.7920464444752187,0.7920464444752187,0.24402824574979884,67318,67318,20740
W0500,Riytsina,LGA117,156842,28330,Gridded population estimate 2024,0.6636141866628673,0.6636141866628673,0.5153663864407927,104083,104083,80831
W0505,Riywashi,LGA117,39119,5976,Gridded population estimate 2024,0.1700397923423434,0.1700397923423434,0.1497197200672785,6652,6652,5857
W0516,Dailutu,LGA117,21865,3909,Projected 2026 from 2006 census,0.536991354562225,0.536991354562225,0.40372676633762555,11741,11741,8827
W0524,Wurbali,LGA117,68250,11686,Gridded population estimate 2024,0.2877338577581135,0.2877338577581135,0.1897154344482297,19638,19638,12948
W0525,Funzata,LGA117,56220,8588,Gridded population estimate 2024,0.5399084589163177,0.5399084589163177,0.5080433849714948,30354,30354,28562
W0542,Bantsile,LGA073,17779,3209,Projected 2026 from 2006 census,0.6197417872049602,0.6197417872049602,0.2223913637180253,11018,11018,3954
W0543,Ngeriba,LGA073,14309,2466,Projected 2026 from 2006 census,0.5551906299541449,0.5551906299541449,0.4281968114093812,7944,7944,6127
W0548,Uzodushi,LGA073,33925,5842,Projected 2026 from 2006 census,0.6599641825502615,0.6599641825502615,0.37149013486044336,22389,22389,12603
W0557,Adetsita,LGA073,19311,2946,Projected 2026 from 2006 census,0.5980099721823102,0.5980099721823102,0.244703268046548,11548,11548,4725
W0564,Katnawa,LGA073,11116,1909,Projected 2026 from 2006 census,0.16522136845638788,0.16522136845638788,0.0017069368415808315,1837,1837,19
W0577,Daibano,LGA073,37618,5539,Projected 2026 from 2006 census,0.5979730838184187,0.4765881038606164,0.4298885833272623,22495,17928,16172
W0611,Dairiwo,LGA036,9132,1503,Projected 2026 from 2006 census,0.5141957730540406,0.4701942778291304,0.04636476839083599,4696,4294,423
W0613,Supdesa,LGA036,23259,4191,Gridded population estimate 2024,0.20050528493695788,0.20050528493695788,0.14052792235046327,4664,4664,3269
W0616,Ekejini,LGA036,21152,3090,Projected 2026 from 2006 census,0.4493364774637251,0.4493364774637251,0.33108801491379003,9504,9504,7003
W0619,Malludu,LGA036,27464,5014,Projected 2026 from 2006 census,0.5492771921763405,0.5492771921763405,0.3228402942095448,15085,15085,8866
W0620,Gwotsimi,LGA036,28730,5267,Projected 2026 from 2006 census,0.7255924763362448,0.7255924763362448,0.29452038702268174,20846,20846,8462
W0550,Ngebasa,LGA077,3763,584,Gridded population estimate 2024,0.14743090141965537,0.14743090141965537,0.004790546500668925,555,555,18
W0567,Adenashi,LGA077,15920,2455,Gridded population estimate 2024,0.3166388962774498,0.3166388962774498,0.02046042519348522,5041,5041,326
W0574,Gwodeja,LGA077,19357,2979,Gridded population estimate 2024,0.37853182696360294,0.37853182696360294,0.35150924072286177,7327,7327,6804
W0588,Kadsade,LGA077,29096,5141,Projected 2026 from 2006 census,0.1786904220762717,0.043385295296822085,0.006379827440110463,5199,1262,186
W0599,Malsharu,LGA077,47299,8059,Projected 2026 from 2006 census,0.44035008908505885,0.44035008908505885,0.3607356147726019,20828,20828,17062
W0583,Yelwami,LGA119,13065,1929,Gridded population estimate 2024,0.1808569680140512,0.17979598616458725,0.054314804627692954,2363,2349,710
W0585,Dutdeyi,LGA119,28158,4310,Projected 2026 from 2006 census,0.271742961503786,0.271742961503786,0.15219867355171873,7652,7652,4286
W0591,Oluzana,LGA119,15334,2253,Projected 2026 from 2006 census,0.6220978684249696,0.6076977492784561,0.43550022365104885,9539,9318,6678
W0603,Gwonuri,LGA119,16351,2626,Gridded population estimate 2024,0.2509343701515059,0.15687950433464679,0.10618413406039168,4103,2565,1736
W0604,Okewari,LGA119,19350,2906,Projected 2026 from 2006 census,0.38773135518145374,0.3877313551814538,0.14396881546568438,7503,7503,2786
W0607,Ngetsiko,LGA119,23816,4166,Gridded population estimate 2024,0.4959857101561022,0.4959857101561022,0.00031621060074433214,11812,11812,8
W0600,Agbmami,LGA040,27160,3980,Projected 2026 from 2006 census,0.2821202789619929,0.20167389981997863,0.20167389981997863,7662,5477,5477
W0602,Yelshama,LGA040,59006,10631,Projected 2026 from 2006 census,0.7825398493135346,0.7825398493135346,0.5375779233588412,46175,46175,31720
W0608,Supdedu,LGA040,10065,1766,Projected 2026 from 2006 census,0.04352084363822122,0.0,0.0,438,0,0
W0610,Ngejile,LGA040,24367,4215,Gridded population estimate 2024,0.1256638567679732,0.1256638567679732,0.030168141084273688,3062,3062,735
W0615,Aderari,LGA040,19719,3028,Projected 2026 from 2006 census,0.19136733292189137,0.19136733292189137,0.0,3774,3774,0
